#
# There is insufficient memory for the Java Runtime Environment to continue.
# Native memory allocation (mmap) failed to map 266338304 bytes. Error detail: G1 virtual space
# Possible reasons:
#   The system is out of physical RAM or swap space
#   This process is running with CompressedOops enabled, and the Java Heap may be blocking the growth of the native heap
# Possible solutions:
#   Reduce memory load on the system
#   Increase physical memory or swap space
#   Check if swap backing store is full
#   Decrease Java heap size (-Xmx/-Xms)
#   Decrease number of Java threads
#   Decrease Java thread stack sizes (-Xss)
#   Set larger code cache with -XX:ReservedCodeCacheSize=
#   JVM is running with Unscaled Compressed Oops mode in which the Java heap is
#     placed in the first 4GB address space. The Java Heap base address is the
#     maximum limit for the native heap growth. Please use -XX:HeapBaseMinAddress
#     to set the Java Heap base and to place the Java Heap above 4GB virtual address.
# This output file may be truncated or incomplete.
#
#  Out of Memory Error (os_windows.cpp:3713), pid=28800, tid=35592
#
# JRE version: OpenJDK Runtime Environment Temurin-21.0.9+10 (21.0.9+10) (build 21.0.9+10-LTS)
# Java VM: OpenJDK 64-Bit Server VM Temurin-21.0.9+10 (21.0.9+10-LTS, mixed mode, sharing, tiered, compressed oops, compressed class ptrs, g1 gc, windows-amd64)
# No core dump will be written. Minidumps are not enabled by default on client versions of Windows
#

---------------  S U M M A R Y ------------

Command Line: -Djava.awt.headless=true -Dscanner.home=C:\sonar-scanner\bin\.. -Dproject.home=C:\Users\evach\OneDrive\Desktop\sistemas\5to_semestre\software\smia-gamlp org.sonarsource.scanner.cli.Main -Dsonar.login=sqa_402344627feef6ed88f871e2a15ad15bf479b8ce

Host: AMD Ryzen 5 5625U with Radeon Graphics         , 12 cores, 7G,  Windows 11 , 64 bit Build 26100 (10.0.26100.8328)
Time: Thu May 21 23:19:20 2026 Hora estándar oeste, Sudamérica elapsed time: 2515.588744 seconds (0d 0h 41m 55s)

---------------  T H R E A D  ---------------

Current thread (0x000001b0fcb21c20):  VMThread "VM Thread"          [id=35592, stack(0x0000004019c00000,0x0000004019d00000) (1024K)]

Stack: [0x0000004019c00000,0x0000004019d00000]
Native frames: (J=compiled Java code, j=interpreted, Vv=VM code, C=native code)
V  [jvm.dll+0x6d6e29]
V  [jvm.dll+0x8b4b76]
V  [jvm.dll+0x8b712e]
V  [jvm.dll+0x8b7813]
V  [jvm.dll+0x283d86]
V  [jvm.dll+0x6d3745]
V  [jvm.dll+0x6c747a]
V  [jvm.dll+0x35e7e8]
V  [jvm.dll+0x366426]
V  [jvm.dll+0x3b73fe]
V  [jvm.dll+0x3b76a8]
V  [jvm.dll+0x3329ec]
V  [jvm.dll+0x332a77]
V  [jvm.dll+0x37684c]
V  [jvm.dll+0x374fee]
V  [jvm.dll+0x332131]
V  [jvm.dll+0x37465a]
V  [jvm.dll+0x8bd500]
V  [jvm.dll+0x8be8a4]
V  [jvm.dll+0x8bede0]
V  [jvm.dll+0x8bf083]
V  [jvm.dll+0x85e9ad]
V  [jvm.dll+0x6d565d]
C  [ucrtbase.dll+0x37b0]
C  [KERNEL32.DLL+0x2e957]
C  [ntdll.dll+0x427c]

VM_Operation (0x000000401c2fe680): G1CollectForAllocation, mode: safepoint, requested by thread 0x000001b0fece77c0


---------------  P R O C E S S  ---------------

Threads class SMR info:
_java_thread_list=0x000001b0ffce3620, length=29, elements={
0x000001b0ef205960, 0x000001b0fcb3a4e0, 0x000001b0fcb3dd30, 0x000001b0fcb46010,
0x000001b0fcb46a60, 0x000001b0fcb483d0, 0x000001b0fcb4e180, 0x000001b0fcb5c180,
0x000001b0fcb63890, 0x000001b0fcceb640, 0x000001b0fccf8210, 0x000001b0fe4a32e0,
0x000001b0feb135d0, 0x000001b0feb16a50, 0x000001b0ffa8f840, 0x000001b0ffa8f1b0,
0x000001b0fd41d5c0, 0x000001b0d5191fb0, 0x000001b0d5192640, 0x000001b0fece7130,
0x000001b0fece6aa0, 0x000001b0fece7e50, 0x000001b0fece77c0, 0x000001b0fece84e0,
0x000001b0fece5060, 0x000001b0fece56f0, 0x000001b0fece6410, 0x000001b0fece5d80,
0x000001b0d47219b0
}

Java Threads: ( => current thread )
  0x000001b0ef205960 JavaThread "main"                              [_thread_blocked, id=13348, stack(0x0000004019500000,0x0000004019600000) (1024K)]
  0x000001b0fcb3a4e0 JavaThread "Reference Handler"          daemon [_thread_blocked, id=27584, stack(0x0000004019d00000,0x0000004019e00000) (1024K)]
  0x000001b0fcb3dd30 JavaThread "Finalizer"                  daemon [_thread_blocked, id=25704, stack(0x0000004019e00000,0x0000004019f00000) (1024K)]
  0x000001b0fcb46010 JavaThread "Signal Dispatcher"          daemon [_thread_blocked, id=19084, stack(0x0000004019f00000,0x000000401a000000) (1024K)]
  0x000001b0fcb46a60 JavaThread "Attach Listener"            daemon [_thread_blocked, id=32900, stack(0x000000401a000000,0x000000401a100000) (1024K)]
  0x000001b0fcb483d0 JavaThread "Service Thread"             daemon [_thread_blocked, id=7840, stack(0x000000401a100000,0x000000401a200000) (1024K)]
  0x000001b0fcb4e180 JavaThread "Monitor Deflation Thread"   daemon [_thread_blocked, id=4920, stack(0x000000401a200000,0x000000401a300000) (1024K)]
  0x000001b0fcb5c180 JavaThread "C2 CompilerThread0"         daemon [_thread_blocked, id=908, stack(0x000000401a300000,0x000000401a400000) (1024K)]
  0x000001b0fcb63890 JavaThread "C1 CompilerThread0"         daemon [_thread_blocked, id=34712, stack(0x000000401a400000,0x000000401a500000) (1024K)]
  0x000001b0fcceb640 JavaThread "Notification Thread"        daemon [_thread_blocked, id=33044, stack(0x000000401a500000,0x000000401a600000) (1024K)]
  0x000001b0fccf8210 JavaThread "Common-Cleaner"             daemon [_thread_blocked, id=35180, stack(0x000000401a600000,0x000000401a700000) (1024K)]
  0x000001b0fe4a32e0 JavaThread "HttpClient-1-SelectorManager" daemon [_thread_blocked, id=35028, stack(0x000000401b100000,0x000000401b200000) (1024K)]
  0x000001b0feb135d0 JavaThread "HttpClient-2-SelectorManager" daemon [_thread_blocked, id=29932, stack(0x000000401b800000,0x000000401b900000) (1024K)]
  0x000001b0feb16a50 JavaThread "JGit-WorkQueue"             daemon [_thread_blocked, id=16724, stack(0x000000401b400000,0x000000401b500000) (1024K)]
  0x000001b0ffa8f840 JavaThread "pool-1-thread-1"                   [_thread_blocked, id=32848, stack(0x000000401b900000,0x000000401ba00000) (1024K)]
  0x000001b0ffa8f1b0 JavaThread "HttpClient-2-Worker-3"      daemon [_thread_blocked, id=4760, stack(0x000000401bb00000,0x000000401bc00000) (1024K)]
  0x000001b0fd41d5c0 JavaThread "Report about progress of SCM blame" daemon [_thread_blocked, id=35648, stack(0x000000401b300000,0x000000401b400000) (1024K)]
  0x000001b0d5191fb0 JavaThread "git-scm-0"                  daemon [_thread_blocked, id=35148, stack(0x000000401bd00000,0x000000401be00000) (1024K)]
  0x000001b0d5192640 JavaThread "git-scm-1"                  daemon [_thread_blocked, id=22952, stack(0x000000401be00000,0x000000401bf00000) (1024K)]
  0x000001b0fece7130 JavaThread "git-scm-2"                  daemon [_thread_blocked, id=10152, stack(0x000000401bf00000,0x000000401c000000) (1024K)]
  0x000001b0fece6aa0 JavaThread "git-scm-3"                  daemon [_thread_blocked, id=31760, stack(0x000000401c000000,0x000000401c100000) (1024K)]
  0x000001b0fece7e50 JavaThread "git-scm-4"                  daemon [_thread_blocked, id=28500, stack(0x000000401c100000,0x000000401c200000) (1024K)]
  0x000001b0fece77c0 JavaThread "git-scm-5"                  daemon [_thread_blocked, id=15168, stack(0x000000401c200000,0x000000401c300000) (1024K)]
  0x000001b0fece84e0 JavaThread "git-scm-6"                  daemon [_thread_blocked, id=14644, stack(0x000000401c300000,0x000000401c400000) (1024K)]
  0x000001b0fece5060 JavaThread "git-scm-7"                  daemon [_thread_blocked, id=19872, stack(0x000000401c400000,0x000000401c500000) (1024K)]
  0x000001b0fece56f0 JavaThread "git-scm-8"                  daemon [_thread_blocked, id=34472, stack(0x000000401c500000,0x000000401c600000) (1024K)]
  0x000001b0fece6410 JavaThread "git-scm-9"                  daemon [_thread_blocked, id=28656, stack(0x000000401c600000,0x000000401c700000) (1024K)]
  0x000001b0fece5d80 JavaThread "git-scm-10"                 daemon [_thread_blocked, id=27672, stack(0x000000401c700000,0x000000401c800000) (1024K)]
  0x000001b0d47219b0 JavaThread "git-scm-11"                 daemon [_thread_blocked, id=30264, stack(0x000000401c800000,0x000000401c900000) (1024K)]
Total: 29

Other Threads:
=>0x000001b0fcb21c20 VMThread "VM Thread"                           [id=35592, stack(0x0000004019c00000,0x0000004019d00000) (1024K)]
  0x000001b0fcb0cd00 WatcherThread "VM Periodic Task Thread"        [id=32284, stack(0x0000004019b00000,0x0000004019c00000) (1024K)]
  0x000001b0f1562550 WorkerThread "GC Thread#0"                     [id=33544, stack(0x0000004019600000,0x0000004019700000) (1024K)]
  0x000001b0fd257a20 WorkerThread "GC Thread#1"                     [id=33852, stack(0x000000401a700000,0x000000401a800000) (1024K)]
  0x000001b0fd259620 WorkerThread "GC Thread#2"                     [id=9208, stack(0x000000401a900000,0x000000401aa00000) (1024K)]
  0x000001b0fd35a160 WorkerThread "GC Thread#3"                     [id=32488, stack(0x000000401aa00000,0x000000401ab00000) (1024K)]
  0x000001b0fd35c510 WorkerThread "GC Thread#4"                     [id=35488, stack(0x000000401ab00000,0x000000401ac00000) (1024K)]
  0x000001b0fd35c8b0 WorkerThread "GC Thread#5"                     [id=22572, stack(0x000000401ac00000,0x000000401ad00000) (1024K)]
  0x000001b0fd35cc50 WorkerThread "GC Thread#6"                     [id=27928, stack(0x000000401ad00000,0x000000401ae00000) (1024K)]
  0x000001b0fd35d600 WorkerThread "GC Thread#7"                     [id=28600, stack(0x000000401ae00000,0x000000401af00000) (1024K)]
  0x000001b0fd35e130 WorkerThread "GC Thread#8"                     [id=27384, stack(0x000000401af00000,0x000000401b000000) (1024K)]
  0x000001b0fd35efb0 WorkerThread "GC Thread#9"                     [id=10652, stack(0x000000401b000000,0x000000401b100000) (1024K)]
  0x000001b0f15774a0 ConcurrentGCThread "G1 Main Marker"            [id=29212, stack(0x0000004019700000,0x0000004019800000) (1024K)]
  0x000001b0f1577db0 WorkerThread "G1 Conc#0"                       [id=17640, stack(0x0000004019800000,0x0000004019900000) (1024K)]
  0x000001b0fd35d9f0 WorkerThread "G1 Conc#1"                       [id=16660, stack(0x000000401b600000,0x000000401b700000) (1024K)]
  0x000001b0fd35e870 WorkerThread "G1 Conc#2"                       [id=33716, stack(0x000000401b700000,0x000000401b800000) (1024K)]
  0x000001b0fc9dc140 ConcurrentGCThread "G1 Refine#0"               [id=24388, stack(0x0000004019900000,0x0000004019a00000) (1024K)]
  0x000001b0fc9dd970 ConcurrentGCThread "G1 Service"                [id=32780, stack(0x0000004019a00000,0x0000004019b00000) (1024K)]
Total: 18

Threads with active compile tasks:
C2 CompilerThread0  2515730 22220   !   4       org.sonar.scm.git.JGitBlameCommand::blame (210 bytes)
Total: 1

VM state: at safepoint (normal execution)

VM Mutex/Monitor currently owned by a thread:  ([mutex/lock_event])
[0x00007ff92c65d570] Threads_lock - owner thread: 0x000001b0fcb21c20
[0x00007ff92c65d670] Heap_lock - owner thread: 0x000001b0fece77c0

Heap address: 0x000000008ae00000, size: 1874 MB, Compressed Oops mode: 32-bit

CDS archive(s) mapped at: [0x000001b08f000000-0x000001b08fba0000-0x000001b08fba0000), size 12189696, SharedBaseAddress: 0x000001b08f000000, ArchiveRelocationMode: 1.
Compressed class space mapped at: 0x000001b090000000-0x000001b0d0000000, reserved size: 1073741824
Narrow klass base: 0x000001b08f000000, Narrow klass shift: 0, Narrow klass range: 0x100000000

GC Precious Log:
 CardTable entry size: 512
 Card Set container configuration: InlinePtr #cards 5 size 8 Array Of Cards #cards 12 size 40 Howl #buckets 4 coarsen threshold 1843 Howl Bitmap #cards 512 size 80 coarsen threshold 460 Card regions per heap region 1 cards per card region 2048
 CPUs: 12 total, 12 available
 Memory: 7488M
 Large Page Support: Disabled
 NUMA Support: Disabled
 Compressed Oops: Enabled (32-bit)
 Heap Region Size: 1M
 Heap Min Capacity: 8M
 Heap Initial Capacity: 118M
 Heap Max Capacity: 1874M
 Pre-touch: Disabled
 Parallel Workers: 10
 Concurrent Workers: 3
 Concurrent Refinement Workers: 10
 Periodic GC: Disabled

Heap:
 garbage-first heap   total 510976K, used 255184K [0x000000008ae00000, 0x0000000100000000)
  region size 1024K, 14 young (14336K), 14 survivors (14336K)
 Metaspace       used 84354K, committed 85824K, reserved 1179648K
  class space    used 11134K, committed 11776K, reserved 1048576K

Heap Regions: E=young(eden), S=young(survivor), O=old, HS=humongous(starts), HC=humongous(continues), CS=collection set, F=free, TAMS=top-at-mark-start, PB=parsable bottom
|   0|0x000000008ae00000, 0x000000008af00000, 0x000000008af00000|100%|HS|  |TAMS 0x000000008ae00000| PB 0x000000008ae00000| Complete 
|   1|0x000000008af00000, 0x000000008b000000, 0x000000008b000000|100%| O|  |TAMS 0x000000008af00000| PB 0x000000008af00000| Untracked 
|   2|0x000000008b000000, 0x000000008b100000, 0x000000008b100000|100%| O|  |TAMS 0x000000008b000000| PB 0x000000008b000000| Untracked 
|   3|0x000000008b100000, 0x000000008b200000, 0x000000008b200000|100%| O|  |TAMS 0x000000008b100000| PB 0x000000008b100000| Untracked 
|   4|0x000000008b200000, 0x000000008b300000, 0x000000008b300000|100%| O|  |TAMS 0x000000008b200000| PB 0x000000008b200000| Untracked 
|   5|0x000000008b300000, 0x000000008b400000, 0x000000008b400000|100%| O|  |TAMS 0x000000008b300000| PB 0x000000008b300000| Untracked 
|   6|0x000000008b400000, 0x000000008b500000, 0x000000008b500000|100%|HS|  |TAMS 0x000000008b400000| PB 0x000000008b400000| Complete 
|   7|0x000000008b500000, 0x000000008b600000, 0x000000008b600000|100%|HC|  |TAMS 0x000000008b500000| PB 0x000000008b500000| Complete 
|   8|0x000000008b600000, 0x000000008b700000, 0x000000008b700000|100%| O|  |TAMS 0x000000008b600000| PB 0x000000008b600000| Untracked 
|   9|0x000000008b700000, 0x000000008b800000, 0x000000008b800000|100%| O|  |TAMS 0x000000008b700000| PB 0x000000008b700000| Untracked 
|  10|0x000000008b800000, 0x000000008b900000, 0x000000008b900000|100%| O|  |TAMS 0x000000008b800000| PB 0x000000008b800000| Untracked 
|  11|0x000000008b900000, 0x000000008ba00000, 0x000000008ba00000|100%| O|  |TAMS 0x000000008b900000| PB 0x000000008b900000| Untracked 
|  12|0x000000008ba00000, 0x000000008bb00000, 0x000000008bb00000|100%| O|  |TAMS 0x000000008ba00000| PB 0x000000008ba00000| Untracked 
|  13|0x000000008bb00000, 0x000000008bc00000, 0x000000008bc00000|100%| O|  |TAMS 0x000000008bb00000| PB 0x000000008bb00000| Untracked 
|  14|0x000000008bc00000, 0x000000008bd00000, 0x000000008bd00000|100%|HS|  |TAMS 0x000000008bc00000| PB 0x000000008bc00000| Complete 
|  15|0x000000008bd00000, 0x000000008be00000, 0x000000008be00000|100%|HS|  |TAMS 0x000000008bd00000| PB 0x000000008bd00000| Complete 
|  16|0x000000008be00000, 0x000000008bf00000, 0x000000008bf00000|100%|HS|  |TAMS 0x000000008be00000| PB 0x000000008be00000| Complete 
|  17|0x000000008bf00000, 0x000000008c000000, 0x000000008c000000|100%| O|  |TAMS 0x000000008bf00000| PB 0x000000008bf00000| Untracked 
|  18|0x000000008c000000, 0x000000008c100000, 0x000000008c100000|100%| O|  |TAMS 0x000000008c000000| PB 0x000000008c000000| Untracked 
|  19|0x000000008c100000, 0x000000008c200000, 0x000000008c200000|100%|HS|  |TAMS 0x000000008c100000| PB 0x000000008c100000| Complete 
|  20|0x000000008c200000, 0x000000008c300000, 0x000000008c300000|100%|HC|  |TAMS 0x000000008c200000| PB 0x000000008c200000| Complete 
|  21|0x000000008c300000, 0x000000008c400000, 0x000000008c400000|100%|HC|  |TAMS 0x000000008c300000| PB 0x000000008c300000| Complete 
|  22|0x000000008c400000, 0x000000008c500000, 0x000000008c500000|100%| O|  |TAMS 0x000000008c400000| PB 0x000000008c400000| Untracked 
|  23|0x000000008c500000, 0x000000008c600000, 0x000000008c600000|100%| O|  |TAMS 0x000000008c500000| PB 0x000000008c500000| Untracked 
|  24|0x000000008c600000, 0x000000008c700000, 0x000000008c700000|100%| O|  |TAMS 0x000000008c600000| PB 0x000000008c600000| Untracked 
|  25|0x000000008c700000, 0x000000008c800000, 0x000000008c800000|100%| O|  |TAMS 0x000000008c700000| PB 0x000000008c700000| Untracked 
|  26|0x000000008c800000, 0x000000008c900000, 0x000000008c900000|100%| O|  |TAMS 0x000000008c800000| PB 0x000000008c800000| Untracked 
|  27|0x000000008c900000, 0x000000008ca00000, 0x000000008ca00000|100%| O|  |TAMS 0x000000008c900000| PB 0x000000008c900000| Untracked 
|  28|0x000000008ca00000, 0x000000008cb00000, 0x000000008cb00000|100%| O|  |TAMS 0x000000008ca00000| PB 0x000000008ca00000| Untracked 
|  29|0x000000008cb00000, 0x000000008cc00000, 0x000000008cc00000|100%| O|  |TAMS 0x000000008cb00000| PB 0x000000008cb00000| Untracked 
|  30|0x000000008cc00000, 0x000000008cd00000, 0x000000008cd00000|100%| O|  |TAMS 0x000000008cc00000| PB 0x000000008cc00000| Untracked 
|  31|0x000000008cd00000, 0x000000008ce00000, 0x000000008ce00000|100%| O|  |TAMS 0x000000008cd00000| PB 0x000000008cd00000| Untracked 
|  32|0x000000008ce00000, 0x000000008cf00000, 0x000000008cf00000|100%| O|  |TAMS 0x000000008ce00000| PB 0x000000008ce00000| Untracked 
|  33|0x000000008cf00000, 0x000000008d000000, 0x000000008d000000|100%| O|  |TAMS 0x000000008cf00000| PB 0x000000008cf00000| Untracked 
|  34|0x000000008d000000, 0x000000008d100000, 0x000000008d100000|100%| O|  |TAMS 0x000000008d000000| PB 0x000000008d000000| Untracked 
|  35|0x000000008d100000, 0x000000008d200000, 0x000000008d200000|100%| O|  |TAMS 0x000000008d100000| PB 0x000000008d100000| Untracked 
|  36|0x000000008d200000, 0x000000008d300000, 0x000000008d300000|100%| O|  |TAMS 0x000000008d200000| PB 0x000000008d200000| Untracked 
|  37|0x000000008d300000, 0x000000008d400000, 0x000000008d400000|100%| O|  |TAMS 0x000000008d300000| PB 0x000000008d300000| Untracked 
|  38|0x000000008d400000, 0x000000008d500000, 0x000000008d500000|100%| O|  |TAMS 0x000000008d400000| PB 0x000000008d400000| Untracked 
|  39|0x000000008d500000, 0x000000008d600000, 0x000000008d600000|100%| O|  |TAMS 0x000000008d500000| PB 0x000000008d500000| Untracked 
|  40|0x000000008d600000, 0x000000008d700000, 0x000000008d700000|100%| O|  |TAMS 0x000000008d600000| PB 0x000000008d600000| Untracked 
|  41|0x000000008d700000, 0x000000008d800000, 0x000000008d800000|100%| O|  |TAMS 0x000000008d700000| PB 0x000000008d700000| Untracked 
|  42|0x000000008d800000, 0x000000008d900000, 0x000000008d900000|100%| O|  |TAMS 0x000000008d800000| PB 0x000000008d800000| Untracked 
|  43|0x000000008d900000, 0x000000008da00000, 0x000000008da00000|100%| O|  |TAMS 0x000000008d900000| PB 0x000000008d900000| Untracked 
|  44|0x000000008da00000, 0x000000008db00000, 0x000000008db00000|100%| O|  |TAMS 0x000000008da00000| PB 0x000000008da00000| Untracked 
|  45|0x000000008db00000, 0x000000008dc00000, 0x000000008dc00000|100%| O|  |TAMS 0x000000008db00000| PB 0x000000008db00000| Untracked 
|  46|0x000000008dc00000, 0x000000008dd00000, 0x000000008dd00000|100%| O|  |TAMS 0x000000008dc00000| PB 0x000000008dc00000| Untracked 
|  47|0x000000008dd00000, 0x000000008de00000, 0x000000008de00000|100%| O|  |TAMS 0x000000008dd00000| PB 0x000000008dd00000| Untracked 
|  48|0x000000008de00000, 0x000000008df00000, 0x000000008df00000|100%| O|  |TAMS 0x000000008de00000| PB 0x000000008de00000| Untracked 
|  49|0x000000008df00000, 0x000000008e000000, 0x000000008e000000|100%| O|  |TAMS 0x000000008df00000| PB 0x000000008df00000| Untracked 
|  50|0x000000008e000000, 0x000000008e100000, 0x000000008e100000|100%| O|  |TAMS 0x000000008e000000| PB 0x000000008e000000| Untracked 
|  51|0x000000008e100000, 0x000000008e200000, 0x000000008e200000|100%| O|  |TAMS 0x000000008e100000| PB 0x000000008e100000| Untracked 
|  52|0x000000008e200000, 0x000000008e300000, 0x000000008e300000|100%| O|  |TAMS 0x000000008e200000| PB 0x000000008e200000| Untracked 
|  53|0x000000008e300000, 0x000000008e400000, 0x000000008e400000|100%| O|  |TAMS 0x000000008e300000| PB 0x000000008e300000| Untracked 
|  54|0x000000008e400000, 0x000000008e500000, 0x000000008e500000|100%| O|  |TAMS 0x000000008e400000| PB 0x000000008e400000| Untracked 
|  55|0x000000008e500000, 0x000000008e600000, 0x000000008e600000|100%| O|  |TAMS 0x000000008e500000| PB 0x000000008e500000| Untracked 
|  56|0x000000008e600000, 0x000000008e700000, 0x000000008e700000|100%| O|  |TAMS 0x000000008e600000| PB 0x000000008e600000| Untracked 
|  57|0x000000008e700000, 0x000000008e800000, 0x000000008e800000|100%| O|  |TAMS 0x000000008e700000| PB 0x000000008e700000| Untracked 
|  58|0x000000008e800000, 0x000000008e900000, 0x000000008e900000|100%| O|  |TAMS 0x000000008e800000| PB 0x000000008e800000| Untracked 
|  59|0x000000008e900000, 0x000000008ea00000, 0x000000008ea00000|100%| O|  |TAMS 0x000000008e900000| PB 0x000000008e900000| Untracked 
|  60|0x000000008ea00000, 0x000000008eb00000, 0x000000008eb00000|100%| O|  |TAMS 0x000000008ea00000| PB 0x000000008ea00000| Untracked 
|  61|0x000000008eb00000, 0x000000008ec00000, 0x000000008ec00000|100%| O|  |TAMS 0x000000008eb00000| PB 0x000000008eb00000| Untracked 
|  62|0x000000008ec00000, 0x000000008ed00000, 0x000000008ed00000|100%| O|  |TAMS 0x000000008ec00000| PB 0x000000008ec00000| Untracked 
|  63|0x000000008ed00000, 0x000000008ee00000, 0x000000008ee00000|100%| O|  |TAMS 0x000000008ed00000| PB 0x000000008ed00000| Untracked 
|  64|0x000000008ee00000, 0x000000008ef00000, 0x000000008ef00000|100%| O|  |TAMS 0x000000008ee00000| PB 0x000000008ee00000| Untracked 
|  65|0x000000008ef00000, 0x000000008f000000, 0x000000008f000000|100%| O|  |TAMS 0x000000008ef00000| PB 0x000000008ef00000| Untracked 
|  66|0x000000008f000000, 0x000000008f100000, 0x000000008f100000|100%| O|  |TAMS 0x000000008f000000| PB 0x000000008f000000| Untracked 
|  67|0x000000008f100000, 0x000000008f200000, 0x000000008f200000|100%| O|  |TAMS 0x000000008f100000| PB 0x000000008f100000| Untracked 
|  68|0x000000008f200000, 0x000000008f300000, 0x000000008f300000|100%| O|  |TAMS 0x000000008f200000| PB 0x000000008f200000| Untracked 
|  69|0x000000008f300000, 0x000000008f400000, 0x000000008f400000|100%| O|  |TAMS 0x000000008f300000| PB 0x000000008f300000| Untracked 
|  70|0x000000008f400000, 0x000000008f500000, 0x000000008f500000|100%| O|  |TAMS 0x000000008f400000| PB 0x000000008f400000| Untracked 
|  71|0x000000008f500000, 0x000000008f600000, 0x000000008f600000|100%| O|  |TAMS 0x000000008f500000| PB 0x000000008f500000| Untracked 
|  72|0x000000008f600000, 0x000000008f700000, 0x000000008f700000|100%| O|  |TAMS 0x000000008f600000| PB 0x000000008f600000| Untracked 
|  73|0x000000008f700000, 0x000000008f800000, 0x000000008f800000|100%| O|  |TAMS 0x000000008f700000| PB 0x000000008f700000| Untracked 
|  74|0x000000008f800000, 0x000000008f900000, 0x000000008f900000|100%| O|  |TAMS 0x000000008f800000| PB 0x000000008f800000| Untracked 
|  75|0x000000008f900000, 0x000000008fa00000, 0x000000008fa00000|100%| O|  |TAMS 0x000000008f900000| PB 0x000000008f900000| Untracked 
|  76|0x000000008fa00000, 0x000000008fb00000, 0x000000008fb00000|100%| O|  |TAMS 0x000000008fa00000| PB 0x000000008fa00000| Untracked 
|  77|0x000000008fb00000, 0x000000008fc00000, 0x000000008fc00000|100%| O|  |TAMS 0x000000008fb00000| PB 0x000000008fb00000| Untracked 
|  78|0x000000008fc00000, 0x000000008fd00000, 0x000000008fd00000|100%| O|  |TAMS 0x000000008fc00000| PB 0x000000008fc00000| Untracked 
|  79|0x000000008fd00000, 0x000000008fe00000, 0x000000008fe00000|100%| O|  |TAMS 0x000000008fd00000| PB 0x000000008fd00000| Untracked 
|  80|0x000000008fe00000, 0x000000008ff00000, 0x000000008ff00000|100%| O|  |TAMS 0x000000008fe00000| PB 0x000000008fe00000| Untracked 
|  81|0x000000008ff00000, 0x0000000090000000, 0x0000000090000000|100%| O|  |TAMS 0x000000008ff00000| PB 0x000000008ff00000| Untracked 
|  82|0x0000000090000000, 0x0000000090100000, 0x0000000090100000|100%| O|  |TAMS 0x0000000090000000| PB 0x0000000090000000| Untracked 
|  83|0x0000000090100000, 0x0000000090200000, 0x0000000090200000|100%| O|  |TAMS 0x0000000090100000| PB 0x0000000090100000| Untracked 
|  84|0x0000000090200000, 0x0000000090300000, 0x0000000090300000|100%| O|  |TAMS 0x0000000090200000| PB 0x0000000090200000| Untracked 
|  85|0x0000000090300000, 0x0000000090400000, 0x0000000090400000|100%| O|  |TAMS 0x0000000090300000| PB 0x0000000090300000| Untracked 
|  86|0x0000000090400000, 0x0000000090500000, 0x0000000090500000|100%| O|  |TAMS 0x0000000090400000| PB 0x0000000090400000| Untracked 
|  87|0x0000000090500000, 0x0000000090600000, 0x0000000090600000|100%| O|  |TAMS 0x0000000090500000| PB 0x0000000090500000| Untracked 
|  88|0x0000000090600000, 0x0000000090700000, 0x0000000090700000|100%| O|  |TAMS 0x0000000090600000| PB 0x0000000090600000| Untracked 
|  89|0x0000000090700000, 0x0000000090800000, 0x0000000090800000|100%| O|  |TAMS 0x0000000090700000| PB 0x0000000090700000| Untracked 
|  90|0x0000000090800000, 0x0000000090900000, 0x0000000090900000|100%| O|  |TAMS 0x0000000090800000| PB 0x0000000090800000| Untracked 
|  91|0x0000000090900000, 0x0000000090a00000, 0x0000000090a00000|100%| O|  |TAMS 0x0000000090900000| PB 0x0000000090900000| Untracked 
|  92|0x0000000090a00000, 0x0000000090b00000, 0x0000000090b00000|100%| O|  |TAMS 0x0000000090a00000| PB 0x0000000090a00000| Untracked 
|  93|0x0000000090b00000, 0x0000000090c00000, 0x0000000090c00000|100%| O|  |TAMS 0x0000000090b00000| PB 0x0000000090b00000| Untracked 
|  94|0x0000000090c00000, 0x0000000090d00000, 0x0000000090d00000|100%| O|  |TAMS 0x0000000090c00000| PB 0x0000000090c00000| Untracked 
|  95|0x0000000090d00000, 0x0000000090e00000, 0x0000000090e00000|100%| O|  |TAMS 0x0000000090d00000| PB 0x0000000090d00000| Untracked 
|  96|0x0000000090e00000, 0x0000000090f00000, 0x0000000090f00000|100%| O|  |TAMS 0x0000000090e00000| PB 0x0000000090e00000| Untracked 
|  97|0x0000000090f00000, 0x0000000091000000, 0x0000000091000000|100%| O|  |TAMS 0x0000000090f00000| PB 0x0000000090f00000| Untracked 
|  98|0x0000000091000000, 0x0000000091100000, 0x0000000091100000|100%| O|  |TAMS 0x0000000091000000| PB 0x0000000091000000| Untracked 
|  99|0x0000000091100000, 0x0000000091200000, 0x0000000091200000|100%| O|  |TAMS 0x0000000091100000| PB 0x0000000091100000| Untracked 
| 100|0x0000000091200000, 0x0000000091300000, 0x0000000091300000|100%| O|  |TAMS 0x0000000091200000| PB 0x0000000091200000| Untracked 
| 101|0x0000000091300000, 0x0000000091400000, 0x0000000091400000|100%| O|  |TAMS 0x0000000091300000| PB 0x0000000091300000| Untracked 
| 102|0x0000000091400000, 0x0000000091500000, 0x0000000091500000|100%| O|  |TAMS 0x0000000091400000| PB 0x0000000091400000| Untracked 
| 103|0x0000000091500000, 0x0000000091600000, 0x0000000091600000|100%| O|  |TAMS 0x0000000091500000| PB 0x0000000091500000| Untracked 
| 104|0x0000000091600000, 0x0000000091700000, 0x0000000091700000|100%| O|  |TAMS 0x0000000091600000| PB 0x0000000091600000| Untracked 
| 105|0x0000000091700000, 0x0000000091800000, 0x0000000091800000|100%| O|  |TAMS 0x0000000091700000| PB 0x0000000091700000| Untracked 
| 106|0x0000000091800000, 0x0000000091900000, 0x0000000091900000|100%| O|  |TAMS 0x0000000091800000| PB 0x0000000091800000| Untracked 
| 107|0x0000000091900000, 0x0000000091a00000, 0x0000000091a00000|100%| O|  |TAMS 0x0000000091900000| PB 0x0000000091900000| Untracked 
| 108|0x0000000091a00000, 0x0000000091b00000, 0x0000000091b00000|100%| O|  |TAMS 0x0000000091a00000| PB 0x0000000091a00000| Untracked 
| 109|0x0000000091b00000, 0x0000000091c00000, 0x0000000091c00000|100%| O|  |TAMS 0x0000000091b00000| PB 0x0000000091b00000| Untracked 
| 110|0x0000000091c00000, 0x0000000091d00000, 0x0000000091d00000|100%| O|  |TAMS 0x0000000091c00000| PB 0x0000000091c00000| Untracked 
| 111|0x0000000091d00000, 0x0000000091e00000, 0x0000000091e00000|100%| O|  |TAMS 0x0000000091d00000| PB 0x0000000091d00000| Untracked 
| 112|0x0000000091e00000, 0x0000000091f00000, 0x0000000091f00000|100%| O|  |TAMS 0x0000000091e00000| PB 0x0000000091e00000| Untracked 
| 113|0x0000000091f00000, 0x0000000092000000, 0x0000000092000000|100%| O|  |TAMS 0x0000000091f00000| PB 0x0000000091f00000| Untracked 
| 114|0x0000000092000000, 0x0000000092100000, 0x0000000092100000|100%| O|  |TAMS 0x0000000092000000| PB 0x0000000092000000| Untracked 
| 115|0x0000000092100000, 0x0000000092200000, 0x0000000092200000|100%| O|  |TAMS 0x0000000092100000| PB 0x0000000092100000| Untracked 
| 116|0x0000000092200000, 0x0000000092300000, 0x0000000092300000|100%| O|  |TAMS 0x0000000092200000| PB 0x0000000092200000| Untracked 
| 117|0x0000000092300000, 0x0000000092400000, 0x0000000092400000|100%| O|  |TAMS 0x0000000092300000| PB 0x0000000092300000| Untracked 
| 118|0x0000000092400000, 0x0000000092500000, 0x0000000092500000|100%| O|  |TAMS 0x0000000092400000| PB 0x0000000092400000| Untracked 
| 119|0x0000000092500000, 0x0000000092600000, 0x0000000092600000|100%| O|  |TAMS 0x0000000092500000| PB 0x0000000092500000| Untracked 
| 120|0x0000000092600000, 0x0000000092700000, 0x0000000092700000|100%| O|  |TAMS 0x0000000092600000| PB 0x0000000092600000| Untracked 
| 121|0x0000000092700000, 0x0000000092800000, 0x0000000092800000|100%| O|  |TAMS 0x0000000092700000| PB 0x0000000092700000| Untracked 
| 122|0x0000000092800000, 0x0000000092900000, 0x0000000092900000|100%| O|  |TAMS 0x0000000092800000| PB 0x0000000092800000| Untracked 
| 123|0x0000000092900000, 0x0000000092a00000, 0x0000000092a00000|100%| O|  |TAMS 0x0000000092900000| PB 0x0000000092900000| Untracked 
| 124|0x0000000092a00000, 0x0000000092b00000, 0x0000000092b00000|100%| O|  |TAMS 0x0000000092a00000| PB 0x0000000092a00000| Untracked 
| 125|0x0000000092b00000, 0x0000000092c00000, 0x0000000092c00000|100%| O|  |TAMS 0x0000000092b00000| PB 0x0000000092b00000| Untracked 
| 126|0x0000000092c00000, 0x0000000092d00000, 0x0000000092d00000|100%| O|  |TAMS 0x0000000092c00000| PB 0x0000000092c00000| Untracked 
| 127|0x0000000092d00000, 0x0000000092e00000, 0x0000000092e00000|100%| O|  |TAMS 0x0000000092d00000| PB 0x0000000092d00000| Untracked 
| 128|0x0000000092e00000, 0x0000000092f00000, 0x0000000092f00000|100%| O|  |TAMS 0x0000000092e00000| PB 0x0000000092e00000| Untracked 
| 129|0x0000000092f00000, 0x0000000093000000, 0x0000000093000000|100%| O|  |TAMS 0x0000000092f00000| PB 0x0000000092f00000| Untracked 
| 130|0x0000000093000000, 0x0000000093100000, 0x0000000093100000|100%| O|  |TAMS 0x0000000093000000| PB 0x0000000093000000| Untracked 
| 131|0x0000000093100000, 0x0000000093200000, 0x0000000093200000|100%| O|  |TAMS 0x0000000093100000| PB 0x0000000093100000| Untracked 
| 132|0x0000000093200000, 0x0000000093300000, 0x0000000093300000|100%| O|  |TAMS 0x0000000093200000| PB 0x0000000093200000| Untracked 
| 133|0x0000000093300000, 0x0000000093400000, 0x0000000093400000|100%| O|  |TAMS 0x0000000093300000| PB 0x0000000093300000| Untracked 
| 134|0x0000000093400000, 0x0000000093500000, 0x0000000093500000|100%| O|  |TAMS 0x0000000093400000| PB 0x0000000093400000| Untracked 
| 135|0x0000000093500000, 0x0000000093600000, 0x0000000093600000|100%| O|  |TAMS 0x0000000093500000| PB 0x0000000093500000| Untracked 
| 136|0x0000000093600000, 0x0000000093700000, 0x0000000093700000|100%| O|  |TAMS 0x0000000093600000| PB 0x0000000093600000| Untracked 
| 137|0x0000000093700000, 0x0000000093800000, 0x0000000093800000|100%| O|  |TAMS 0x0000000093700000| PB 0x0000000093700000| Untracked 
| 138|0x0000000093800000, 0x0000000093900000, 0x0000000093900000|100%| O|  |TAMS 0x0000000093800000| PB 0x0000000093800000| Untracked 
| 139|0x0000000093900000, 0x0000000093a00000, 0x0000000093a00000|100%| O|  |TAMS 0x0000000093900000| PB 0x0000000093900000| Untracked 
| 140|0x0000000093a00000, 0x0000000093b00000, 0x0000000093b00000|100%| O|  |TAMS 0x0000000093a00000| PB 0x0000000093a00000| Untracked 
| 141|0x0000000093b00000, 0x0000000093c00000, 0x0000000093c00000|100%| O|  |TAMS 0x0000000093b00000| PB 0x0000000093b00000| Untracked 
| 142|0x0000000093c00000, 0x0000000093d00000, 0x0000000093d00000|100%| O|  |TAMS 0x0000000093c00000| PB 0x0000000093c00000| Untracked 
| 143|0x0000000093d00000, 0x0000000093e00000, 0x0000000093e00000|100%| O|  |TAMS 0x0000000093d00000| PB 0x0000000093d00000| Untracked 
| 144|0x0000000093e00000, 0x0000000093f00000, 0x0000000093f00000|100%| O|  |TAMS 0x0000000093e00000| PB 0x0000000093e00000| Untracked 
| 145|0x0000000093f00000, 0x0000000094000000, 0x0000000094000000|100%| O|  |TAMS 0x0000000093f00000| PB 0x0000000093f00000| Untracked 
| 146|0x0000000094000000, 0x0000000094100000, 0x0000000094100000|100%| O|  |TAMS 0x0000000094000000| PB 0x0000000094000000| Untracked 
| 147|0x0000000094100000, 0x0000000094200000, 0x0000000094200000|100%| O|  |TAMS 0x0000000094100000| PB 0x0000000094100000| Untracked 
| 148|0x0000000094200000, 0x0000000094300000, 0x0000000094300000|100%| O|  |TAMS 0x0000000094200000| PB 0x0000000094200000| Untracked 
| 149|0x0000000094300000, 0x0000000094400000, 0x0000000094400000|100%| O|  |TAMS 0x0000000094300000| PB 0x0000000094300000| Untracked 
| 150|0x0000000094400000, 0x0000000094500000, 0x0000000094500000|100%| O|  |TAMS 0x0000000094400000| PB 0x0000000094400000| Untracked 
| 151|0x0000000094500000, 0x0000000094600000, 0x0000000094600000|100%| O|  |TAMS 0x0000000094500000| PB 0x0000000094500000| Untracked 
| 152|0x0000000094600000, 0x0000000094700000, 0x0000000094700000|100%| O|  |TAMS 0x0000000094600000| PB 0x0000000094600000| Untracked 
| 153|0x0000000094700000, 0x0000000094800000, 0x0000000094800000|100%| O|  |TAMS 0x0000000094700000| PB 0x0000000094700000| Untracked 
| 154|0x0000000094800000, 0x0000000094900000, 0x0000000094900000|100%| O|  |TAMS 0x0000000094800000| PB 0x0000000094800000| Untracked 
| 155|0x0000000094900000, 0x0000000094a00000, 0x0000000094a00000|100%| O|  |TAMS 0x0000000094900000| PB 0x0000000094900000| Untracked 
| 156|0x0000000094a00000, 0x0000000094b00000, 0x0000000094b00000|100%| O|  |TAMS 0x0000000094a00000| PB 0x0000000094a00000| Untracked 
| 157|0x0000000094b00000, 0x0000000094c00000, 0x0000000094c00000|100%| O|  |TAMS 0x0000000094b00000| PB 0x0000000094b00000| Untracked 
| 158|0x0000000094c00000, 0x0000000094d00000, 0x0000000094d00000|100%| O|  |TAMS 0x0000000094c00000| PB 0x0000000094c00000| Untracked 
| 159|0x0000000094d00000, 0x0000000094e00000, 0x0000000094e00000|100%| O|  |TAMS 0x0000000094d00000| PB 0x0000000094d00000| Untracked 
| 160|0x0000000094e00000, 0x0000000094f00000, 0x0000000094f00000|100%| O|  |TAMS 0x0000000094e00000| PB 0x0000000094e00000| Untracked 
| 161|0x0000000094f00000, 0x0000000095000000, 0x0000000095000000|100%| O|  |TAMS 0x0000000094f00000| PB 0x0000000094f00000| Untracked 
| 162|0x0000000095000000, 0x0000000095100000, 0x0000000095100000|100%| O|  |TAMS 0x0000000095000000| PB 0x0000000095000000| Untracked 
| 163|0x0000000095100000, 0x0000000095200000, 0x0000000095200000|100%| O|  |TAMS 0x0000000095100000| PB 0x0000000095100000| Untracked 
| 164|0x0000000095200000, 0x0000000095300000, 0x0000000095300000|100%| O|  |TAMS 0x0000000095200000| PB 0x0000000095200000| Untracked 
| 165|0x0000000095300000, 0x0000000095400000, 0x0000000095400000|100%| O|  |TAMS 0x0000000095300000| PB 0x0000000095300000| Untracked 
| 166|0x0000000095400000, 0x0000000095500000, 0x0000000095500000|100%| O|  |TAMS 0x0000000095400000| PB 0x0000000095400000| Untracked 
| 167|0x0000000095500000, 0x0000000095600000, 0x0000000095600000|100%| O|  |TAMS 0x0000000095500000| PB 0x0000000095500000| Untracked 
| 168|0x0000000095600000, 0x0000000095700000, 0x0000000095700000|100%| O|  |TAMS 0x0000000095600000| PB 0x0000000095600000| Untracked 
| 169|0x0000000095700000, 0x0000000095800000, 0x0000000095800000|100%| O|  |TAMS 0x0000000095700000| PB 0x0000000095700000| Untracked 
| 170|0x0000000095800000, 0x0000000095900000, 0x0000000095900000|100%| O|  |TAMS 0x0000000095800000| PB 0x0000000095800000| Untracked 
| 171|0x0000000095900000, 0x0000000095a00000, 0x0000000095a00000|100%| O|  |TAMS 0x0000000095900000| PB 0x0000000095900000| Untracked 
| 172|0x0000000095a00000, 0x0000000095b00000, 0x0000000095b00000|100%| O|  |TAMS 0x0000000095a00000| PB 0x0000000095a00000| Untracked 
| 173|0x0000000095b00000, 0x0000000095c00000, 0x0000000095c00000|100%| O|  |TAMS 0x0000000095b00000| PB 0x0000000095b00000| Untracked 
| 174|0x0000000095c00000, 0x0000000095d00000, 0x0000000095d00000|100%| O|  |TAMS 0x0000000095c00000| PB 0x0000000095c00000| Untracked 
| 175|0x0000000095d00000, 0x0000000095e00000, 0x0000000095e00000|100%| O|  |TAMS 0x0000000095d00000| PB 0x0000000095d00000| Untracked 
| 176|0x0000000095e00000, 0x0000000095f00000, 0x0000000095f00000|100%| O|  |TAMS 0x0000000095e00000| PB 0x0000000095e00000| Untracked 
| 177|0x0000000095f00000, 0x0000000096000000, 0x0000000096000000|100%| O|  |TAMS 0x0000000095f00000| PB 0x0000000095f00000| Untracked 
| 178|0x0000000096000000, 0x0000000096100000, 0x0000000096100000|100%| O|  |TAMS 0x0000000096000000| PB 0x0000000096000000| Untracked 
| 179|0x0000000096100000, 0x0000000096200000, 0x0000000096200000|100%| O|  |TAMS 0x0000000096100000| PB 0x0000000096100000| Untracked 
| 180|0x0000000096200000, 0x0000000096300000, 0x0000000096300000|100%| O|  |TAMS 0x0000000096200000| PB 0x0000000096200000| Untracked 
| 181|0x0000000096300000, 0x0000000096400000, 0x0000000096400000|100%| O|  |TAMS 0x0000000096300000| PB 0x0000000096300000| Untracked 
| 182|0x0000000096400000, 0x0000000096500000, 0x0000000096500000|100%| O|  |TAMS 0x0000000096400000| PB 0x0000000096400000| Untracked 
| 183|0x0000000096500000, 0x0000000096600000, 0x0000000096600000|100%| O|Cm|TAMS 0x0000000096500000| PB 0x0000000096500000| Complete 
| 184|0x0000000096600000, 0x0000000096700000, 0x0000000096700000|100%| O|  |TAMS 0x0000000096600000| PB 0x0000000096600000| Untracked 
| 185|0x0000000096700000, 0x00000000967adc88, 0x0000000096800000| 67%| O|  |TAMS 0x0000000096700000| PB 0x0000000096700000| Untracked 
| 186|0x0000000096800000, 0x0000000096800000, 0x0000000096900000|  0%| F|  |TAMS 0x0000000096800000| PB 0x0000000096800000| Untracked 
| 187|0x0000000096900000, 0x0000000096900000, 0x0000000096a00000|  0%| F|  |TAMS 0x0000000096900000| PB 0x0000000096900000| Untracked 
| 188|0x0000000096a00000, 0x0000000096b00000, 0x0000000096b00000|100%| O|  |TAMS 0x0000000096a00000| PB 0x0000000096a00000| Untracked 
| 189|0x0000000096b00000, 0x0000000096c00000, 0x0000000096c00000|100%|HS|  |TAMS 0x0000000096b00000| PB 0x0000000096b00000| Complete 
| 190|0x0000000096c00000, 0x0000000096d00000, 0x0000000096d00000|100%|HC|  |TAMS 0x0000000096c00000| PB 0x0000000096c00000| Complete 
| 191|0x0000000096d00000, 0x0000000096e00000, 0x0000000096e00000|100%|HC|  |TAMS 0x0000000096d00000| PB 0x0000000096d00000| Complete 
| 192|0x0000000096e00000, 0x0000000096f00000, 0x0000000096f00000|100%|HS|  |TAMS 0x0000000096e00000| PB 0x0000000096e00000| Complete 
| 193|0x0000000096f00000, 0x0000000097000000, 0x0000000097000000|100%|HC|  |TAMS 0x0000000096f00000| PB 0x0000000096f00000| Complete 
| 194|0x0000000097000000, 0x0000000097100000, 0x0000000097100000|100%|HC|  |TAMS 0x0000000097000000| PB 0x0000000097000000| Complete 
| 195|0x0000000097100000, 0x0000000097100000, 0x0000000097200000|  0%| F|  |TAMS 0x0000000097100000| PB 0x0000000097100000| Untracked 
| 196|0x0000000097200000, 0x0000000097200000, 0x0000000097300000|  0%| F|  |TAMS 0x0000000097200000| PB 0x0000000097200000| Untracked 
| 197|0x0000000097300000, 0x0000000097300000, 0x0000000097400000|  0%| F|  |TAMS 0x0000000097300000| PB 0x0000000097300000| Untracked 
| 198|0x0000000097400000, 0x0000000097400000, 0x0000000097500000|  0%| F|  |TAMS 0x0000000097400000| PB 0x0000000097400000| Untracked 
| 199|0x0000000097500000, 0x0000000097500000, 0x0000000097600000|  0%| F|  |TAMS 0x0000000097500000| PB 0x0000000097500000| Untracked 
| 200|0x0000000097600000, 0x0000000097600000, 0x0000000097700000|  0%| F|  |TAMS 0x0000000097600000| PB 0x0000000097600000| Untracked 
| 201|0x0000000097700000, 0x0000000097700000, 0x0000000097800000|  0%| F|  |TAMS 0x0000000097700000| PB 0x0000000097700000| Untracked 
| 202|0x0000000097800000, 0x0000000097800000, 0x0000000097900000|  0%| F|  |TAMS 0x0000000097800000| PB 0x0000000097800000| Untracked 
| 203|0x0000000097900000, 0x0000000097900000, 0x0000000097a00000|  0%| F|  |TAMS 0x0000000097900000| PB 0x0000000097900000| Untracked 
| 204|0x0000000097a00000, 0x0000000097a00000, 0x0000000097b00000|  0%| F|  |TAMS 0x0000000097a00000| PB 0x0000000097a00000| Untracked 
| 205|0x0000000097b00000, 0x0000000097b00000, 0x0000000097c00000|  0%| F|  |TAMS 0x0000000097b00000| PB 0x0000000097b00000| Untracked 
| 206|0x0000000097c00000, 0x0000000097c00000, 0x0000000097d00000|  0%| F|  |TAMS 0x0000000097c00000| PB 0x0000000097c00000| Untracked 
| 207|0x0000000097d00000, 0x0000000097d00000, 0x0000000097e00000|  0%| F|  |TAMS 0x0000000097d00000| PB 0x0000000097d00000| Untracked 
| 208|0x0000000097e00000, 0x0000000097e00000, 0x0000000097f00000|  0%| F|  |TAMS 0x0000000097e00000| PB 0x0000000097e00000| Untracked 
| 209|0x0000000097f00000, 0x0000000097f00000, 0x0000000098000000|  0%| F|  |TAMS 0x0000000097f00000| PB 0x0000000097f00000| Untracked 
| 210|0x0000000098000000, 0x0000000098000000, 0x0000000098100000|  0%| F|  |TAMS 0x0000000098000000| PB 0x0000000098000000| Untracked 
| 211|0x0000000098100000, 0x0000000098100000, 0x0000000098200000|  0%| F|  |TAMS 0x0000000098100000| PB 0x0000000098100000| Untracked 
| 212|0x0000000098200000, 0x0000000098200000, 0x0000000098300000|  0%| F|  |TAMS 0x0000000098200000| PB 0x0000000098200000| Untracked 
| 213|0x0000000098300000, 0x0000000098300000, 0x0000000098400000|  0%| F|  |TAMS 0x0000000098300000| PB 0x0000000098300000| Untracked 
| 214|0x0000000098400000, 0x0000000098400000, 0x0000000098500000|  0%| F|  |TAMS 0x0000000098400000| PB 0x0000000098400000| Untracked 
| 215|0x0000000098500000, 0x0000000098500000, 0x0000000098600000|  0%| F|  |TAMS 0x0000000098500000| PB 0x0000000098500000| Untracked 
| 216|0x0000000098600000, 0x0000000098600000, 0x0000000098700000|  0%| F|  |TAMS 0x0000000098600000| PB 0x0000000098600000| Untracked 
| 217|0x0000000098700000, 0x0000000098700000, 0x0000000098800000|  0%| F|  |TAMS 0x0000000098700000| PB 0x0000000098700000| Untracked 
| 218|0x0000000098800000, 0x0000000098800000, 0x0000000098900000|  0%| F|  |TAMS 0x0000000098800000| PB 0x0000000098800000| Untracked 
| 219|0x0000000098900000, 0x0000000098900000, 0x0000000098a00000|  0%| F|  |TAMS 0x0000000098900000| PB 0x0000000098900000| Untracked 
| 220|0x0000000098a00000, 0x0000000098a00000, 0x0000000098b00000|  0%| F|  |TAMS 0x0000000098a00000| PB 0x0000000098a00000| Untracked 
| 221|0x0000000098b00000, 0x0000000098b00000, 0x0000000098c00000|  0%| F|  |TAMS 0x0000000098b00000| PB 0x0000000098b00000| Untracked 
| 222|0x0000000098c00000, 0x0000000098c00000, 0x0000000098d00000|  0%| F|  |TAMS 0x0000000098c00000| PB 0x0000000098c00000| Untracked 
| 223|0x0000000098d00000, 0x0000000098d00000, 0x0000000098e00000|  0%| F|  |TAMS 0x0000000098d00000| PB 0x0000000098d00000| Untracked 
| 224|0x0000000098e00000, 0x0000000098e00000, 0x0000000098f00000|  0%| F|  |TAMS 0x0000000098e00000| PB 0x0000000098e00000| Untracked 
| 225|0x0000000098f00000, 0x0000000098f00000, 0x0000000099000000|  0%| F|  |TAMS 0x0000000098f00000| PB 0x0000000098f00000| Untracked 
| 226|0x0000000099000000, 0x0000000099000000, 0x0000000099100000|  0%| F|  |TAMS 0x0000000099000000| PB 0x0000000099000000| Untracked 
| 227|0x0000000099100000, 0x0000000099100000, 0x0000000099200000|  0%| F|  |TAMS 0x0000000099100000| PB 0x0000000099100000| Untracked 
| 228|0x0000000099200000, 0x0000000099200000, 0x0000000099300000|  0%| F|  |TAMS 0x0000000099200000| PB 0x0000000099200000| Untracked 
| 229|0x0000000099300000, 0x0000000099400000, 0x0000000099400000|100%| O|  |TAMS 0x0000000099300000| PB 0x0000000099300000| Untracked 
| 230|0x0000000099400000, 0x0000000099500000, 0x0000000099500000|100%| O|  |TAMS 0x0000000099400000| PB 0x0000000099400000| Untracked 
| 231|0x0000000099500000, 0x0000000099600000, 0x0000000099600000|100%|HS|  |TAMS 0x0000000099500000| PB 0x0000000099500000| Complete 
| 232|0x0000000099600000, 0x0000000099700000, 0x0000000099700000|100%|HC|  |TAMS 0x0000000099600000| PB 0x0000000099600000| Complete 
| 233|0x0000000099700000, 0x0000000099800000, 0x0000000099800000|100%|HC|  |TAMS 0x0000000099700000| PB 0x0000000099700000| Complete 
| 234|0x0000000099800000, 0x0000000099900000, 0x0000000099900000|100%|HC|  |TAMS 0x0000000099800000| PB 0x0000000099800000| Complete 
| 235|0x0000000099900000, 0x0000000099a00000, 0x0000000099a00000|100%|HC|  |TAMS 0x0000000099900000| PB 0x0000000099900000| Complete 
| 236|0x0000000099a00000, 0x0000000099b00000, 0x0000000099b00000|100%|HC|  |TAMS 0x0000000099a00000| PB 0x0000000099a00000| Complete 
| 237|0x0000000099b00000, 0x0000000099c00000, 0x0000000099c00000|100%|HC|  |TAMS 0x0000000099b00000| PB 0x0000000099b00000| Complete 
| 238|0x0000000099c00000, 0x0000000099d00000, 0x0000000099d00000|100%|HC|  |TAMS 0x0000000099c00000| PB 0x0000000099c00000| Complete 
| 239|0x0000000099d00000, 0x0000000099e00000, 0x0000000099e00000|100%|HC|  |TAMS 0x0000000099d00000| PB 0x0000000099d00000| Complete 
| 240|0x0000000099e00000, 0x0000000099f00000, 0x0000000099f00000|100%|HC|  |TAMS 0x0000000099e00000| PB 0x0000000099e00000| Complete 
| 241|0x0000000099f00000, 0x000000009a000000, 0x000000009a000000|100%|HC|  |TAMS 0x0000000099f00000| PB 0x0000000099f00000| Complete 
| 242|0x000000009a000000, 0x000000009a100000, 0x000000009a100000|100%|HC|  |TAMS 0x000000009a000000| PB 0x000000009a000000| Complete 
| 243|0x000000009a100000, 0x000000009a200000, 0x000000009a200000|100%|HC|  |TAMS 0x000000009a100000| PB 0x000000009a100000| Complete 
| 244|0x000000009a200000, 0x000000009a300000, 0x000000009a300000|100%|HC|  |TAMS 0x000000009a200000| PB 0x000000009a200000| Complete 
| 245|0x000000009a300000, 0x000000009a400000, 0x000000009a400000|100%|HC|  |TAMS 0x000000009a300000| PB 0x000000009a300000| Complete 
| 246|0x000000009a400000, 0x000000009a500000, 0x000000009a500000|100%|HC|  |TAMS 0x000000009a400000| PB 0x000000009a400000| Complete 
| 247|0x000000009a500000, 0x000000009a600000, 0x000000009a600000|100%|HC|  |TAMS 0x000000009a500000| PB 0x000000009a500000| Complete 
| 248|0x000000009a600000, 0x000000009a700000, 0x000000009a700000|100%|HC|  |TAMS 0x000000009a600000| PB 0x000000009a600000| Complete 
| 249|0x000000009a700000, 0x000000009a800000, 0x000000009a800000|100%| O|  |TAMS 0x000000009a700000| PB 0x000000009a700000| Untracked 
| 250|0x000000009a800000, 0x000000009a900000, 0x000000009a900000|100%| O|  |TAMS 0x000000009a800000| PB 0x000000009a800000| Untracked 
| 251|0x000000009a900000, 0x000000009a900000, 0x000000009aa00000|  0%| F|  |TAMS 0x000000009a900000| PB 0x000000009a900000| Untracked 
| 252|0x000000009aa00000, 0x000000009aa00000, 0x000000009ab00000|  0%| F|  |TAMS 0x000000009aa00000| PB 0x000000009aa00000| Untracked 
| 253|0x000000009ab00000, 0x000000009ab00000, 0x000000009ac00000|  0%| F|  |TAMS 0x000000009ab00000| PB 0x000000009ab00000| Untracked 
| 254|0x000000009ac00000, 0x000000009ad00000, 0x000000009ad00000|100%|HS|  |TAMS 0x000000009ac00000| PB 0x000000009ac00000| Complete 
| 255|0x000000009ad00000, 0x000000009ad00000, 0x000000009ae00000|  0%| F|  |TAMS 0x000000009ad00000| PB 0x000000009ad00000| Untracked 
| 256|0x000000009ae00000, 0x000000009ae00000, 0x000000009af00000|  0%| F|  |TAMS 0x000000009ae00000| PB 0x000000009ae00000| Untracked 
| 257|0x000000009af00000, 0x000000009af00000, 0x000000009b000000|  0%| F|  |TAMS 0x000000009af00000| PB 0x000000009af00000| Untracked 
| 258|0x000000009b000000, 0x000000009b000000, 0x000000009b100000|  0%| F|  |TAMS 0x000000009b000000| PB 0x000000009b000000| Untracked 
| 259|0x000000009b100000, 0x000000009b100000, 0x000000009b200000|  0%| F|  |TAMS 0x000000009b100000| PB 0x000000009b100000| Untracked 
| 260|0x000000009b200000, 0x000000009b200000, 0x000000009b300000|  0%| F|  |TAMS 0x000000009b200000| PB 0x000000009b200000| Untracked 
| 261|0x000000009b300000, 0x000000009b300000, 0x000000009b400000|  0%| F|  |TAMS 0x000000009b300000| PB 0x000000009b300000| Untracked 
| 262|0x000000009b400000, 0x000000009b500000, 0x000000009b500000|100%|HS|  |TAMS 0x000000009b400000| PB 0x000000009b400000| Complete 
| 263|0x000000009b500000, 0x000000009b500000, 0x000000009b600000|  0%| F|  |TAMS 0x000000009b500000| PB 0x000000009b500000| Untracked 
| 264|0x000000009b600000, 0x000000009b600000, 0x000000009b700000|  0%| F|  |TAMS 0x000000009b600000| PB 0x000000009b600000| Untracked 
| 265|0x000000009b700000, 0x000000009b800000, 0x000000009b800000|100%|HS|  |TAMS 0x000000009b700000| PB 0x000000009b700000| Untracked 
| 266|0x000000009b800000, 0x000000009b900000, 0x000000009b900000|100%|HS|  |TAMS 0x000000009b800000| PB 0x000000009b800000| Complete 
| 267|0x000000009b900000, 0x000000009b900000, 0x000000009ba00000|  0%| F|  |TAMS 0x000000009b900000| PB 0x000000009b900000| Untracked 
| 268|0x000000009ba00000, 0x000000009ba00000, 0x000000009bb00000|  0%| F|  |TAMS 0x000000009ba00000| PB 0x000000009ba00000| Untracked 
| 269|0x000000009bb00000, 0x000000009bb00000, 0x000000009bc00000|  0%| F|  |TAMS 0x000000009bb00000| PB 0x000000009bb00000| Untracked 
| 270|0x000000009bc00000, 0x000000009bc00000, 0x000000009bd00000|  0%| F|  |TAMS 0x000000009bc00000| PB 0x000000009bc00000| Untracked 
| 271|0x000000009bd00000, 0x000000009be00000, 0x000000009be00000|100%| O|  |TAMS 0x000000009bd00000| PB 0x000000009bd00000| Untracked 
| 272|0x000000009be00000, 0x000000009be00000, 0x000000009bf00000|  0%| F|  |TAMS 0x000000009be00000| PB 0x000000009be00000| Untracked 
| 273|0x000000009bf00000, 0x000000009bf00000, 0x000000009c000000|  0%| F|  |TAMS 0x000000009bf00000| PB 0x000000009bf00000| Untracked 
| 274|0x000000009c000000, 0x000000009c100000, 0x000000009c100000|100%|HS|  |TAMS 0x000000009c000000| PB 0x000000009c000000| Complete 
| 275|0x000000009c100000, 0x000000009c200000, 0x000000009c200000|100%|HS|  |TAMS 0x000000009c100000| PB 0x000000009c100000| Complete 
| 276|0x000000009c200000, 0x000000009c300000, 0x000000009c300000|100%|HS|  |TAMS 0x000000009c200000| PB 0x000000009c200000| Complete 
| 277|0x000000009c300000, 0x000000009c400000, 0x000000009c400000|100%|HS|  |TAMS 0x000000009c300000| PB 0x000000009c300000| Complete 
| 278|0x000000009c400000, 0x000000009c500000, 0x000000009c500000|100%|HS|  |TAMS 0x000000009c400000| PB 0x000000009c400000| Untracked 
| 279|0x000000009c500000, 0x000000009c600000, 0x000000009c600000|100%|HS|  |TAMS 0x000000009c500000| PB 0x000000009c500000| Untracked 
| 280|0x000000009c600000, 0x000000009c700000, 0x000000009c700000|100%| O|  |TAMS 0x000000009c600000| PB 0x000000009c600000| Untracked 
| 281|0x000000009c700000, 0x000000009c800000, 0x000000009c800000|100%| O|Cm|TAMS 0x000000009c700000| PB 0x000000009c700000| Complete 
| 282|0x000000009c800000, 0x000000009c800000, 0x000000009c900000|  0%| F|  |TAMS 0x000000009c800000| PB 0x000000009c800000| Untracked 
| 283|0x000000009c900000, 0x000000009c900000, 0x000000009ca00000|  0%| F|  |TAMS 0x000000009c900000| PB 0x000000009c900000| Untracked 
| 284|0x000000009ca00000, 0x000000009ca00000, 0x000000009cb00000|  0%| F|  |TAMS 0x000000009ca00000| PB 0x000000009ca00000| Untracked 
| 285|0x000000009cb00000, 0x000000009cb00000, 0x000000009cc00000|  0%| F|  |TAMS 0x000000009cb00000| PB 0x000000009cb00000| Untracked 
| 286|0x000000009cc00000, 0x000000009cc00000, 0x000000009cd00000|  0%| F|  |TAMS 0x000000009cc00000| PB 0x000000009cc00000| Untracked 
| 287|0x000000009cd00000, 0x000000009cd00000, 0x000000009ce00000|  0%| F|  |TAMS 0x000000009cd00000| PB 0x000000009cd00000| Untracked 
| 288|0x000000009ce00000, 0x000000009ce00000, 0x000000009cf00000|  0%| F|  |TAMS 0x000000009ce00000| PB 0x000000009ce00000| Untracked 
| 289|0x000000009cf00000, 0x000000009cf00000, 0x000000009d000000|  0%| F|  |TAMS 0x000000009cf00000| PB 0x000000009cf00000| Untracked 
| 290|0x000000009d000000, 0x000000009d000000, 0x000000009d100000|  0%| F|  |TAMS 0x000000009d000000| PB 0x000000009d000000| Untracked 
| 291|0x000000009d100000, 0x000000009d100000, 0x000000009d200000|  0%| F|  |TAMS 0x000000009d100000| PB 0x000000009d100000| Untracked 
| 292|0x000000009d200000, 0x000000009d200000, 0x000000009d300000|  0%| F|  |TAMS 0x000000009d200000| PB 0x000000009d200000| Untracked 
| 293|0x000000009d300000, 0x000000009d300000, 0x000000009d400000|  0%| F|  |TAMS 0x000000009d300000| PB 0x000000009d300000| Untracked 
| 294|0x000000009d400000, 0x000000009d400000, 0x000000009d500000|  0%| F|  |TAMS 0x000000009d400000| PB 0x000000009d400000| Untracked 
| 295|0x000000009d500000, 0x000000009d500000, 0x000000009d600000|  0%| F|  |TAMS 0x000000009d500000| PB 0x000000009d500000| Untracked 
| 296|0x000000009d600000, 0x000000009d600000, 0x000000009d700000|  0%| F|  |TAMS 0x000000009d600000| PB 0x000000009d600000| Untracked 
| 297|0x000000009d700000, 0x000000009d700000, 0x000000009d800000|  0%| F|  |TAMS 0x000000009d700000| PB 0x000000009d700000| Untracked 
| 298|0x000000009d800000, 0x000000009d800000, 0x000000009d900000|  0%| F|  |TAMS 0x000000009d800000| PB 0x000000009d800000| Untracked 
| 299|0x000000009d900000, 0x000000009d900000, 0x000000009da00000|  0%| F|  |TAMS 0x000000009d900000| PB 0x000000009d900000| Untracked 
| 300|0x000000009da00000, 0x000000009da00000, 0x000000009db00000|  0%| F|  |TAMS 0x000000009da00000| PB 0x000000009da00000| Untracked 
| 301|0x000000009db00000, 0x000000009db00000, 0x000000009dc00000|  0%| F|  |TAMS 0x000000009db00000| PB 0x000000009db00000| Untracked 
| 302|0x000000009dc00000, 0x000000009dc00000, 0x000000009dd00000|  0%| F|  |TAMS 0x000000009dc00000| PB 0x000000009dc00000| Untracked 
| 303|0x000000009dd00000, 0x000000009dd00000, 0x000000009de00000|  0%| F|  |TAMS 0x000000009dd00000| PB 0x000000009dd00000| Untracked 
| 304|0x000000009de00000, 0x000000009de00000, 0x000000009df00000|  0%| F|  |TAMS 0x000000009de00000| PB 0x000000009de00000| Untracked 
| 305|0x000000009df00000, 0x000000009df00000, 0x000000009e000000|  0%| F|  |TAMS 0x000000009df00000| PB 0x000000009df00000| Untracked 
| 306|0x000000009e000000, 0x000000009e000000, 0x000000009e100000|  0%| F|  |TAMS 0x000000009e000000| PB 0x000000009e000000| Untracked 
| 307|0x000000009e100000, 0x000000009e100000, 0x000000009e200000|  0%| F|  |TAMS 0x000000009e100000| PB 0x000000009e100000| Untracked 
| 308|0x000000009e200000, 0x000000009e200000, 0x000000009e300000|  0%| F|  |TAMS 0x000000009e200000| PB 0x000000009e200000| Untracked 
| 309|0x000000009e300000, 0x000000009e300000, 0x000000009e400000|  0%| F|  |TAMS 0x000000009e300000| PB 0x000000009e300000| Untracked 
| 310|0x000000009e400000, 0x000000009e400000, 0x000000009e500000|  0%| F|  |TAMS 0x000000009e400000| PB 0x000000009e400000| Untracked 
| 311|0x000000009e500000, 0x000000009e500000, 0x000000009e600000|  0%| F|  |TAMS 0x000000009e500000| PB 0x000000009e500000| Untracked 
| 312|0x000000009e600000, 0x000000009e600000, 0x000000009e700000|  0%| F|  |TAMS 0x000000009e600000| PB 0x000000009e600000| Untracked 
| 313|0x000000009e700000, 0x000000009e700000, 0x000000009e800000|  0%| F|  |TAMS 0x000000009e700000| PB 0x000000009e700000| Untracked 
| 314|0x000000009e800000, 0x000000009e800000, 0x000000009e900000|  0%| F|  |TAMS 0x000000009e800000| PB 0x000000009e800000| Untracked 
| 315|0x000000009e900000, 0x000000009e900000, 0x000000009ea00000|  0%| F|  |TAMS 0x000000009e900000| PB 0x000000009e900000| Untracked 
| 316|0x000000009ea00000, 0x000000009ea00000, 0x000000009eb00000|  0%| F|  |TAMS 0x000000009ea00000| PB 0x000000009ea00000| Untracked 
| 317|0x000000009eb00000, 0x000000009eb00000, 0x000000009ec00000|  0%| F|  |TAMS 0x000000009eb00000| PB 0x000000009eb00000| Untracked 
| 318|0x000000009ec00000, 0x000000009ec00000, 0x000000009ed00000|  0%| F|  |TAMS 0x000000009ec00000| PB 0x000000009ec00000| Untracked 
| 319|0x000000009ed00000, 0x000000009ed00000, 0x000000009ee00000|  0%| F|  |TAMS 0x000000009ed00000| PB 0x000000009ed00000| Untracked 
| 320|0x000000009ee00000, 0x000000009ee00000, 0x000000009ef00000|  0%| F|  |TAMS 0x000000009ee00000| PB 0x000000009ee00000| Untracked 
| 321|0x000000009ef00000, 0x000000009ef00000, 0x000000009f000000|  0%| F|  |TAMS 0x000000009ef00000| PB 0x000000009ef00000| Untracked 
| 322|0x000000009f000000, 0x000000009f000000, 0x000000009f100000|  0%| F|  |TAMS 0x000000009f000000| PB 0x000000009f000000| Untracked 
| 323|0x000000009f100000, 0x000000009f100000, 0x000000009f200000|  0%| F|  |TAMS 0x000000009f100000| PB 0x000000009f100000| Untracked 
| 324|0x000000009f200000, 0x000000009f200000, 0x000000009f300000|  0%| F|  |TAMS 0x000000009f200000| PB 0x000000009f200000| Untracked 
| 325|0x000000009f300000, 0x000000009f300000, 0x000000009f400000|  0%| F|  |TAMS 0x000000009f300000| PB 0x000000009f300000| Untracked 
| 326|0x000000009f400000, 0x000000009f400000, 0x000000009f500000|  0%| F|  |TAMS 0x000000009f400000| PB 0x000000009f400000| Untracked 
| 327|0x000000009f500000, 0x000000009f586420, 0x000000009f600000| 52%| S|CS|TAMS 0x000000009f500000| PB 0x000000009f500000| Complete 
| 328|0x000000009f600000, 0x000000009f700000, 0x000000009f700000|100%| S|CS|TAMS 0x000000009f600000| PB 0x000000009f600000| Complete 
| 329|0x000000009f700000, 0x000000009f800000, 0x000000009f800000|100%| S|CS|TAMS 0x000000009f700000| PB 0x000000009f700000| Complete 
| 330|0x000000009f800000, 0x000000009f900000, 0x000000009f900000|100%| S|CS|TAMS 0x000000009f800000| PB 0x000000009f800000| Complete 
| 331|0x000000009f900000, 0x000000009fa00000, 0x000000009fa00000|100%| S|CS|TAMS 0x000000009f900000| PB 0x000000009f900000| Complete 
| 332|0x000000009fa00000, 0x000000009fb00000, 0x000000009fb00000|100%| S|CS|TAMS 0x000000009fa00000| PB 0x000000009fa00000| Complete 
| 333|0x000000009fb00000, 0x000000009fc00000, 0x000000009fc00000|100%| S|CS|TAMS 0x000000009fb00000| PB 0x000000009fb00000| Complete 
| 334|0x000000009fc00000, 0x000000009fd00000, 0x000000009fd00000|100%| S|CS|TAMS 0x000000009fc00000| PB 0x000000009fc00000| Complete 
| 335|0x000000009fd00000, 0x000000009fe00000, 0x000000009fe00000|100%| S|CS|TAMS 0x000000009fd00000| PB 0x000000009fd00000| Complete 
| 336|0x000000009fe00000, 0x000000009ff00000, 0x000000009ff00000|100%| S|CS|TAMS 0x000000009fe00000| PB 0x000000009fe00000| Complete 
| 337|0x000000009ff00000, 0x00000000a0000000, 0x00000000a0000000|100%| S|CS|TAMS 0x000000009ff00000| PB 0x000000009ff00000| Complete 
| 338|0x00000000a0000000, 0x00000000a0100000, 0x00000000a0100000|100%| S|CS|TAMS 0x00000000a0000000| PB 0x00000000a0000000| Complete 
| 339|0x00000000a0100000, 0x00000000a0200000, 0x00000000a0200000|100%| S|CS|TAMS 0x00000000a0100000| PB 0x00000000a0100000| Complete 
| 340|0x00000000a0200000, 0x00000000a0300000, 0x00000000a0300000|100%| S|CS|TAMS 0x00000000a0200000| PB 0x00000000a0200000| Complete 
| 341|0x00000000a0300000, 0x00000000a0300000, 0x00000000a0400000|  0%| F|  |TAMS 0x00000000a0300000| PB 0x00000000a0300000| Untracked 
| 342|0x00000000a0400000, 0x00000000a0400000, 0x00000000a0500000|  0%| F|  |TAMS 0x00000000a0400000| PB 0x00000000a0400000| Untracked 
| 343|0x00000000a0500000, 0x00000000a0500000, 0x00000000a0600000|  0%| F|  |TAMS 0x00000000a0500000| PB 0x00000000a0500000| Untracked 
| 344|0x00000000a0600000, 0x00000000a0600000, 0x00000000a0700000|  0%| F|  |TAMS 0x00000000a0600000| PB 0x00000000a0600000| Untracked 
| 345|0x00000000a0700000, 0x00000000a0700000, 0x00000000a0800000|  0%| F|  |TAMS 0x00000000a0700000| PB 0x00000000a0700000| Untracked 
| 346|0x00000000a0800000, 0x00000000a0800000, 0x00000000a0900000|  0%| F|  |TAMS 0x00000000a0800000| PB 0x00000000a0800000| Untracked 
| 347|0x00000000a0900000, 0x00000000a0900000, 0x00000000a0a00000|  0%| F|  |TAMS 0x00000000a0900000| PB 0x00000000a0900000| Untracked 
| 348|0x00000000a0a00000, 0x00000000a0a00000, 0x00000000a0b00000|  0%| F|  |TAMS 0x00000000a0a00000| PB 0x00000000a0a00000| Untracked 
| 349|0x00000000a0b00000, 0x00000000a0b00000, 0x00000000a0c00000|  0%| F|  |TAMS 0x00000000a0b00000| PB 0x00000000a0b00000| Untracked 
| 350|0x00000000a0c00000, 0x00000000a0c00000, 0x00000000a0d00000|  0%| F|  |TAMS 0x00000000a0c00000| PB 0x00000000a0c00000| Untracked 
| 351|0x00000000a0d00000, 0x00000000a0d00000, 0x00000000a0e00000|  0%| F|  |TAMS 0x00000000a0d00000| PB 0x00000000a0d00000| Untracked 
| 352|0x00000000a0e00000, 0x00000000a0e00000, 0x00000000a0f00000|  0%| F|  |TAMS 0x00000000a0e00000| PB 0x00000000a0e00000| Untracked 
| 353|0x00000000a0f00000, 0x00000000a0f00000, 0x00000000a1000000|  0%| F|  |TAMS 0x00000000a0f00000| PB 0x00000000a0f00000| Untracked 
| 354|0x00000000a1000000, 0x00000000a1000000, 0x00000000a1100000|  0%| F|  |TAMS 0x00000000a1000000| PB 0x00000000a1000000| Untracked 
| 355|0x00000000a1100000, 0x00000000a1100000, 0x00000000a1200000|  0%| F|  |TAMS 0x00000000a1100000| PB 0x00000000a1100000| Untracked 
| 356|0x00000000a1200000, 0x00000000a1200000, 0x00000000a1300000|  0%| F|  |TAMS 0x00000000a1200000| PB 0x00000000a1200000| Untracked 
| 357|0x00000000a1300000, 0x00000000a1300000, 0x00000000a1400000|  0%| F|  |TAMS 0x00000000a1300000| PB 0x00000000a1300000| Untracked 
| 358|0x00000000a1400000, 0x00000000a1400000, 0x00000000a1500000|  0%| F|  |TAMS 0x00000000a1400000| PB 0x00000000a1400000| Untracked 
| 359|0x00000000a1500000, 0x00000000a1500000, 0x00000000a1600000|  0%| F|  |TAMS 0x00000000a1500000| PB 0x00000000a1500000| Untracked 
| 360|0x00000000a1600000, 0x00000000a1600000, 0x00000000a1700000|  0%| F|  |TAMS 0x00000000a1600000| PB 0x00000000a1600000| Untracked 
| 361|0x00000000a1700000, 0x00000000a1700000, 0x00000000a1800000|  0%| F|  |TAMS 0x00000000a1700000| PB 0x00000000a1700000| Untracked 
| 362|0x00000000a1800000, 0x00000000a1800000, 0x00000000a1900000|  0%| F|  |TAMS 0x00000000a1800000| PB 0x00000000a1800000| Untracked 
| 363|0x00000000a1900000, 0x00000000a1900000, 0x00000000a1a00000|  0%| F|  |TAMS 0x00000000a1900000| PB 0x00000000a1900000| Untracked 
| 364|0x00000000a1a00000, 0x00000000a1a00000, 0x00000000a1b00000|  0%| F|  |TAMS 0x00000000a1a00000| PB 0x00000000a1a00000| Untracked 
| 365|0x00000000a1b00000, 0x00000000a1b00000, 0x00000000a1c00000|  0%| F|  |TAMS 0x00000000a1b00000| PB 0x00000000a1b00000| Untracked 
| 366|0x00000000a1c00000, 0x00000000a1c00000, 0x00000000a1d00000|  0%| F|  |TAMS 0x00000000a1c00000| PB 0x00000000a1c00000| Untracked 
| 367|0x00000000a1d00000, 0x00000000a1d00000, 0x00000000a1e00000|  0%| F|  |TAMS 0x00000000a1d00000| PB 0x00000000a1d00000| Untracked 
| 368|0x00000000a1e00000, 0x00000000a1e00000, 0x00000000a1f00000|  0%| F|  |TAMS 0x00000000a1e00000| PB 0x00000000a1e00000| Untracked 
| 369|0x00000000a1f00000, 0x00000000a1f00000, 0x00000000a2000000|  0%| F|  |TAMS 0x00000000a1f00000| PB 0x00000000a1f00000| Untracked 
| 370|0x00000000a2000000, 0x00000000a2000000, 0x00000000a2100000|  0%| F|  |TAMS 0x00000000a2000000| PB 0x00000000a2000000| Untracked 
| 371|0x00000000a2100000, 0x00000000a2100000, 0x00000000a2200000|  0%| F|  |TAMS 0x00000000a2100000| PB 0x00000000a2100000| Untracked 
| 372|0x00000000a2200000, 0x00000000a2200000, 0x00000000a2300000|  0%| F|  |TAMS 0x00000000a2200000| PB 0x00000000a2200000| Untracked 
| 373|0x00000000a2300000, 0x00000000a2300000, 0x00000000a2400000|  0%| F|  |TAMS 0x00000000a2300000| PB 0x00000000a2300000| Untracked 
| 374|0x00000000a2400000, 0x00000000a2400000, 0x00000000a2500000|  0%| F|  |TAMS 0x00000000a2400000| PB 0x00000000a2400000| Untracked 
| 375|0x00000000a2500000, 0x00000000a2500000, 0x00000000a2600000|  0%| F|  |TAMS 0x00000000a2500000| PB 0x00000000a2500000| Untracked 
| 376|0x00000000a2600000, 0x00000000a2600000, 0x00000000a2700000|  0%| F|  |TAMS 0x00000000a2600000| PB 0x00000000a2600000| Untracked 
| 377|0x00000000a2700000, 0x00000000a2700000, 0x00000000a2800000|  0%| F|  |TAMS 0x00000000a2700000| PB 0x00000000a2700000| Untracked 
| 378|0x00000000a2800000, 0x00000000a2800000, 0x00000000a2900000|  0%| F|  |TAMS 0x00000000a2800000| PB 0x00000000a2800000| Untracked 
| 379|0x00000000a2900000, 0x00000000a2900000, 0x00000000a2a00000|  0%| F|  |TAMS 0x00000000a2900000| PB 0x00000000a2900000| Untracked 
| 380|0x00000000a2a00000, 0x00000000a2a00000, 0x00000000a2b00000|  0%| F|  |TAMS 0x00000000a2a00000| PB 0x00000000a2a00000| Untracked 
| 381|0x00000000a2b00000, 0x00000000a2b00000, 0x00000000a2c00000|  0%| F|  |TAMS 0x00000000a2b00000| PB 0x00000000a2b00000| Untracked 
| 382|0x00000000a2c00000, 0x00000000a2c00000, 0x00000000a2d00000|  0%| F|  |TAMS 0x00000000a2c00000| PB 0x00000000a2c00000| Untracked 
| 383|0x00000000a2d00000, 0x00000000a2d00000, 0x00000000a2e00000|  0%| F|  |TAMS 0x00000000a2d00000| PB 0x00000000a2d00000| Untracked 
| 384|0x00000000a2e00000, 0x00000000a2e00000, 0x00000000a2f00000|  0%| F|  |TAMS 0x00000000a2e00000| PB 0x00000000a2e00000| Untracked 
| 385|0x00000000a2f00000, 0x00000000a2f00000, 0x00000000a3000000|  0%| F|  |TAMS 0x00000000a2f00000| PB 0x00000000a2f00000| Untracked 
| 386|0x00000000a3000000, 0x00000000a3000000, 0x00000000a3100000|  0%| F|  |TAMS 0x00000000a3000000| PB 0x00000000a3000000| Untracked 
| 387|0x00000000a3100000, 0x00000000a3100000, 0x00000000a3200000|  0%| F|  |TAMS 0x00000000a3100000| PB 0x00000000a3100000| Untracked 
| 388|0x00000000a3200000, 0x00000000a3200000, 0x00000000a3300000|  0%| F|  |TAMS 0x00000000a3200000| PB 0x00000000a3200000| Untracked 
| 389|0x00000000a3300000, 0x00000000a3300000, 0x00000000a3400000|  0%| F|  |TAMS 0x00000000a3300000| PB 0x00000000a3300000| Untracked 
| 390|0x00000000a3400000, 0x00000000a3400000, 0x00000000a3500000|  0%| F|  |TAMS 0x00000000a3400000| PB 0x00000000a3400000| Untracked 
|1766|0x00000000f9400000, 0x00000000f9500000, 0x00000000f9500000|100%| O|Cm|TAMS 0x00000000f9400000| PB 0x00000000f9400000| Complete 
|1767|0x00000000f9500000, 0x00000000f9500000, 0x00000000f9600000|  0%| F|  |TAMS 0x00000000f9500000| PB 0x00000000f9500000| Untracked 
|1768|0x00000000f9600000, 0x00000000f9600000, 0x00000000f9700000|  0%| F|  |TAMS 0x00000000f9600000| PB 0x00000000f9600000| Untracked 
|1769|0x00000000f9700000, 0x00000000f9700000, 0x00000000f9800000|  0%| F|  |TAMS 0x00000000f9700000| PB 0x00000000f9700000| Untracked 
|1770|0x00000000f9800000, 0x00000000f9800000, 0x00000000f9900000|  0%| F|  |TAMS 0x00000000f9800000| PB 0x00000000f9800000| Untracked 
|1771|0x00000000f9900000, 0x00000000f9900000, 0x00000000f9a00000|  0%| F|  |TAMS 0x00000000f9900000| PB 0x00000000f9900000| Untracked 
|1772|0x00000000f9a00000, 0x00000000f9a00000, 0x00000000f9b00000|  0%| F|  |TAMS 0x00000000f9a00000| PB 0x00000000f9a00000| Untracked 
|1773|0x00000000f9b00000, 0x00000000f9b00000, 0x00000000f9c00000|  0%| F|  |TAMS 0x00000000f9b00000| PB 0x00000000f9b00000| Untracked 
|1774|0x00000000f9c00000, 0x00000000f9c00000, 0x00000000f9d00000|  0%| F|  |TAMS 0x00000000f9c00000| PB 0x00000000f9c00000| Untracked 
|1775|0x00000000f9d00000, 0x00000000f9d00000, 0x00000000f9e00000|  0%| F|  |TAMS 0x00000000f9d00000| PB 0x00000000f9d00000| Untracked 
|1776|0x00000000f9e00000, 0x00000000f9e00000, 0x00000000f9f00000|  0%| F|  |TAMS 0x00000000f9e00000| PB 0x00000000f9e00000| Untracked 
|1777|0x00000000f9f00000, 0x00000000f9f00000, 0x00000000fa000000|  0%| F|  |TAMS 0x00000000f9f00000| PB 0x00000000f9f00000| Untracked 
|1778|0x00000000fa000000, 0x00000000fa000000, 0x00000000fa100000|  0%| F|  |TAMS 0x00000000fa000000| PB 0x00000000fa000000| Untracked 
|1779|0x00000000fa100000, 0x00000000fa100000, 0x00000000fa200000|  0%| F|  |TAMS 0x00000000fa100000| PB 0x00000000fa100000| Untracked 
|1780|0x00000000fa200000, 0x00000000fa200000, 0x00000000fa300000|  0%| F|  |TAMS 0x00000000fa200000| PB 0x00000000fa200000| Untracked 
|1781|0x00000000fa300000, 0x00000000fa300000, 0x00000000fa400000|  0%| F|  |TAMS 0x00000000fa300000| PB 0x00000000fa300000| Untracked 
|1782|0x00000000fa400000, 0x00000000fa400000, 0x00000000fa500000|  0%| F|  |TAMS 0x00000000fa400000| PB 0x00000000fa400000| Untracked 
|1783|0x00000000fa500000, 0x00000000fa500000, 0x00000000fa600000|  0%| F|  |TAMS 0x00000000fa500000| PB 0x00000000fa500000| Untracked 
|1784|0x00000000fa600000, 0x00000000fa600000, 0x00000000fa700000|  0%| F|  |TAMS 0x00000000fa600000| PB 0x00000000fa600000| Untracked 
|1785|0x00000000fa700000, 0x00000000fa700000, 0x00000000fa800000|  0%| F|  |TAMS 0x00000000fa700000| PB 0x00000000fa700000| Untracked 
|1786|0x00000000fa800000, 0x00000000fa800000, 0x00000000fa900000|  0%| F|  |TAMS 0x00000000fa800000| PB 0x00000000fa800000| Untracked 
|1787|0x00000000fa900000, 0x00000000fa900000, 0x00000000faa00000|  0%| F|  |TAMS 0x00000000fa900000| PB 0x00000000fa900000| Untracked 
|1788|0x00000000faa00000, 0x00000000faa00000, 0x00000000fab00000|  0%| F|  |TAMS 0x00000000faa00000| PB 0x00000000faa00000| Untracked 
|1789|0x00000000fab00000, 0x00000000fab00000, 0x00000000fac00000|  0%| F|  |TAMS 0x00000000fab00000| PB 0x00000000fab00000| Untracked 
|1790|0x00000000fac00000, 0x00000000fac00000, 0x00000000fad00000|  0%| F|  |TAMS 0x00000000fac00000| PB 0x00000000fac00000| Untracked 
|1791|0x00000000fad00000, 0x00000000fad00000, 0x00000000fae00000|  0%| F|  |TAMS 0x00000000fad00000| PB 0x00000000fad00000| Untracked 
|1792|0x00000000fae00000, 0x00000000fae00000, 0x00000000faf00000|  0%| F|  |TAMS 0x00000000fae00000| PB 0x00000000fae00000| Untracked 
|1793|0x00000000faf00000, 0x00000000faf00000, 0x00000000fb000000|  0%| F|  |TAMS 0x00000000faf00000| PB 0x00000000faf00000| Untracked 
|1794|0x00000000fb000000, 0x00000000fb000000, 0x00000000fb100000|  0%| F|  |TAMS 0x00000000fb000000| PB 0x00000000fb000000| Untracked 
|1795|0x00000000fb100000, 0x00000000fb100000, 0x00000000fb200000|  0%| F|  |TAMS 0x00000000fb100000| PB 0x00000000fb100000| Untracked 
|1796|0x00000000fb200000, 0x00000000fb200000, 0x00000000fb300000|  0%| F|  |TAMS 0x00000000fb200000| PB 0x00000000fb200000| Untracked 
|1797|0x00000000fb300000, 0x00000000fb300000, 0x00000000fb400000|  0%| F|  |TAMS 0x00000000fb300000| PB 0x00000000fb300000| Untracked 
|1798|0x00000000fb400000, 0x00000000fb400000, 0x00000000fb500000|  0%| F|  |TAMS 0x00000000fb400000| PB 0x00000000fb400000| Untracked 
|1799|0x00000000fb500000, 0x00000000fb500000, 0x00000000fb600000|  0%| F|  |TAMS 0x00000000fb500000| PB 0x00000000fb500000| Untracked 
|1800|0x00000000fb600000, 0x00000000fb600000, 0x00000000fb700000|  0%| F|  |TAMS 0x00000000fb600000| PB 0x00000000fb600000| Untracked 
|1801|0x00000000fb700000, 0x00000000fb700000, 0x00000000fb800000|  0%| F|  |TAMS 0x00000000fb700000| PB 0x00000000fb700000| Untracked 
|1802|0x00000000fb800000, 0x00000000fb800000, 0x00000000fb900000|  0%| F|  |TAMS 0x00000000fb800000| PB 0x00000000fb800000| Untracked 
|1803|0x00000000fb900000, 0x00000000fb900000, 0x00000000fba00000|  0%| F|  |TAMS 0x00000000fb900000| PB 0x00000000fb900000| Untracked 
|1804|0x00000000fba00000, 0x00000000fba00000, 0x00000000fbb00000|  0%| F|  |TAMS 0x00000000fba00000| PB 0x00000000fba00000| Untracked 
|1805|0x00000000fbb00000, 0x00000000fbb00000, 0x00000000fbc00000|  0%| F|  |TAMS 0x00000000fbb00000| PB 0x00000000fbb00000| Untracked 
|1806|0x00000000fbc00000, 0x00000000fbc00000, 0x00000000fbd00000|  0%| F|  |TAMS 0x00000000fbc00000| PB 0x00000000fbc00000| Untracked 
|1807|0x00000000fbd00000, 0x00000000fbd00000, 0x00000000fbe00000|  0%| F|  |TAMS 0x00000000fbd00000| PB 0x00000000fbd00000| Untracked 
|1808|0x00000000fbe00000, 0x00000000fbe00000, 0x00000000fbf00000|  0%| F|  |TAMS 0x00000000fbe00000| PB 0x00000000fbe00000| Untracked 
|1809|0x00000000fbf00000, 0x00000000fbf00000, 0x00000000fc000000|  0%| F|  |TAMS 0x00000000fbf00000| PB 0x00000000fbf00000| Untracked 
|1810|0x00000000fc000000, 0x00000000fc000000, 0x00000000fc100000|  0%| F|  |TAMS 0x00000000fc000000| PB 0x00000000fc000000| Untracked 
|1811|0x00000000fc100000, 0x00000000fc100000, 0x00000000fc200000|  0%| F|  |TAMS 0x00000000fc100000| PB 0x00000000fc100000| Untracked 
|1812|0x00000000fc200000, 0x00000000fc200000, 0x00000000fc300000|  0%| F|  |TAMS 0x00000000fc200000| PB 0x00000000fc200000| Untracked 
|1813|0x00000000fc300000, 0x00000000fc300000, 0x00000000fc400000|  0%| F|  |TAMS 0x00000000fc300000| PB 0x00000000fc300000| Untracked 
|1814|0x00000000fc400000, 0x00000000fc400000, 0x00000000fc500000|  0%| F|  |TAMS 0x00000000fc400000| PB 0x00000000fc400000| Untracked 
|1815|0x00000000fc500000, 0x00000000fc500000, 0x00000000fc600000|  0%| F|  |TAMS 0x00000000fc500000| PB 0x00000000fc500000| Untracked 
|1816|0x00000000fc600000, 0x00000000fc600000, 0x00000000fc700000|  0%| F|  |TAMS 0x00000000fc600000| PB 0x00000000fc600000| Untracked 
|1817|0x00000000fc700000, 0x00000000fc700000, 0x00000000fc800000|  0%| F|  |TAMS 0x00000000fc700000| PB 0x00000000fc700000| Untracked 
|1818|0x00000000fc800000, 0x00000000fc800000, 0x00000000fc900000|  0%| F|  |TAMS 0x00000000fc800000| PB 0x00000000fc800000| Untracked 
|1819|0x00000000fc900000, 0x00000000fc900000, 0x00000000fca00000|  0%| F|  |TAMS 0x00000000fc900000| PB 0x00000000fc900000| Untracked 
|1820|0x00000000fca00000, 0x00000000fca00000, 0x00000000fcb00000|  0%| F|  |TAMS 0x00000000fca00000| PB 0x00000000fca00000| Untracked 
|1821|0x00000000fcb00000, 0x00000000fcb00000, 0x00000000fcc00000|  0%| F|  |TAMS 0x00000000fcb00000| PB 0x00000000fcb00000| Untracked 
|1822|0x00000000fcc00000, 0x00000000fcc00000, 0x00000000fcd00000|  0%| F|  |TAMS 0x00000000fcc00000| PB 0x00000000fcc00000| Untracked 
|1823|0x00000000fcd00000, 0x00000000fcd00000, 0x00000000fce00000|  0%| F|  |TAMS 0x00000000fcd00000| PB 0x00000000fcd00000| Untracked 
|1824|0x00000000fce00000, 0x00000000fce00000, 0x00000000fcf00000|  0%| F|  |TAMS 0x00000000fce00000| PB 0x00000000fce00000| Untracked 
|1825|0x00000000fcf00000, 0x00000000fcf00000, 0x00000000fd000000|  0%| F|  |TAMS 0x00000000fcf00000| PB 0x00000000fcf00000| Untracked 
|1826|0x00000000fd000000, 0x00000000fd000000, 0x00000000fd100000|  0%| F|  |TAMS 0x00000000fd000000| PB 0x00000000fd000000| Untracked 
|1827|0x00000000fd100000, 0x00000000fd100000, 0x00000000fd200000|  0%| F|  |TAMS 0x00000000fd100000| PB 0x00000000fd100000| Untracked 
|1828|0x00000000fd200000, 0x00000000fd200000, 0x00000000fd300000|  0%| F|  |TAMS 0x00000000fd200000| PB 0x00000000fd200000| Untracked 
|1829|0x00000000fd300000, 0x00000000fd300000, 0x00000000fd400000|  0%| F|  |TAMS 0x00000000fd300000| PB 0x00000000fd300000| Untracked 
|1830|0x00000000fd400000, 0x00000000fd400000, 0x00000000fd500000|  0%| F|  |TAMS 0x00000000fd400000| PB 0x00000000fd400000| Untracked 
|1831|0x00000000fd500000, 0x00000000fd500000, 0x00000000fd600000|  0%| F|  |TAMS 0x00000000fd500000| PB 0x00000000fd500000| Untracked 
|1832|0x00000000fd600000, 0x00000000fd600000, 0x00000000fd700000|  0%| F|  |TAMS 0x00000000fd600000| PB 0x00000000fd600000| Untracked 
|1833|0x00000000fd700000, 0x00000000fd700000, 0x00000000fd800000|  0%| F|  |TAMS 0x00000000fd700000| PB 0x00000000fd700000| Untracked 
|1834|0x00000000fd800000, 0x00000000fd800000, 0x00000000fd900000|  0%| F|  |TAMS 0x00000000fd800000| PB 0x00000000fd800000| Untracked 
|1835|0x00000000fd900000, 0x00000000fd900000, 0x00000000fda00000|  0%| F|  |TAMS 0x00000000fd900000| PB 0x00000000fd900000| Untracked 
|1836|0x00000000fda00000, 0x00000000fda00000, 0x00000000fdb00000|  0%| F|  |TAMS 0x00000000fda00000| PB 0x00000000fda00000| Untracked 
|1837|0x00000000fdb00000, 0x00000000fdb00000, 0x00000000fdc00000|  0%| F|  |TAMS 0x00000000fdb00000| PB 0x00000000fdb00000| Untracked 
|1838|0x00000000fdc00000, 0x00000000fdc00000, 0x00000000fdd00000|  0%| F|  |TAMS 0x00000000fdc00000| PB 0x00000000fdc00000| Untracked 
|1839|0x00000000fdd00000, 0x00000000fdd00000, 0x00000000fde00000|  0%| F|  |TAMS 0x00000000fdd00000| PB 0x00000000fdd00000| Untracked 
|1840|0x00000000fde00000, 0x00000000fde00000, 0x00000000fdf00000|  0%| F|  |TAMS 0x00000000fde00000| PB 0x00000000fde00000| Untracked 
|1841|0x00000000fdf00000, 0x00000000fdf00000, 0x00000000fe000000|  0%| F|  |TAMS 0x00000000fdf00000| PB 0x00000000fdf00000| Untracked 
|1842|0x00000000fe000000, 0x00000000fe000000, 0x00000000fe100000|  0%| F|  |TAMS 0x00000000fe000000| PB 0x00000000fe000000| Untracked 
|1843|0x00000000fe100000, 0x00000000fe100000, 0x00000000fe200000|  0%| F|  |TAMS 0x00000000fe100000| PB 0x00000000fe100000| Untracked 
|1844|0x00000000fe200000, 0x00000000fe200000, 0x00000000fe300000|  0%| F|  |TAMS 0x00000000fe200000| PB 0x00000000fe200000| Untracked 
|1845|0x00000000fe300000, 0x00000000fe300000, 0x00000000fe400000|  0%| F|  |TAMS 0x00000000fe300000| PB 0x00000000fe300000| Untracked 
|1846|0x00000000fe400000, 0x00000000fe400000, 0x00000000fe500000|  0%| F|  |TAMS 0x00000000fe400000| PB 0x00000000fe400000| Untracked 
|1847|0x00000000fe500000, 0x00000000fe500000, 0x00000000fe600000|  0%| F|  |TAMS 0x00000000fe500000| PB 0x00000000fe500000| Untracked 
|1848|0x00000000fe600000, 0x00000000fe600000, 0x00000000fe700000|  0%| F|  |TAMS 0x00000000fe600000| PB 0x00000000fe600000| Untracked 
|1849|0x00000000fe700000, 0x00000000fe700000, 0x00000000fe800000|  0%| F|  |TAMS 0x00000000fe700000| PB 0x00000000fe700000| Untracked 
|1850|0x00000000fe800000, 0x00000000fe800000, 0x00000000fe900000|  0%| F|  |TAMS 0x00000000fe800000| PB 0x00000000fe800000| Untracked 
|1851|0x00000000fe900000, 0x00000000fe900000, 0x00000000fea00000|  0%| F|  |TAMS 0x00000000fe900000| PB 0x00000000fe900000| Untracked 
|1852|0x00000000fea00000, 0x00000000fea00000, 0x00000000feb00000|  0%| F|  |TAMS 0x00000000fea00000| PB 0x00000000fea00000| Untracked 
|1853|0x00000000feb00000, 0x00000000feb00000, 0x00000000fec00000|  0%| F|  |TAMS 0x00000000feb00000| PB 0x00000000feb00000| Untracked 
|1854|0x00000000fec00000, 0x00000000fec00000, 0x00000000fed00000|  0%| F|  |TAMS 0x00000000fec00000| PB 0x00000000fec00000| Untracked 
|1855|0x00000000fed00000, 0x00000000fed00000, 0x00000000fee00000|  0%| F|  |TAMS 0x00000000fed00000| PB 0x00000000fed00000| Untracked 
|1856|0x00000000fee00000, 0x00000000fee00000, 0x00000000fef00000|  0%| F|  |TAMS 0x00000000fee00000| PB 0x00000000fee00000| Untracked 
|1857|0x00000000fef00000, 0x00000000fef00000, 0x00000000ff000000|  0%| F|  |TAMS 0x00000000fef00000| PB 0x00000000fef00000| Untracked 
|1858|0x00000000ff000000, 0x00000000ff000000, 0x00000000ff100000|  0%| F|  |TAMS 0x00000000ff000000| PB 0x00000000ff000000| Untracked 
|1859|0x00000000ff100000, 0x00000000ff100000, 0x00000000ff200000|  0%| F|  |TAMS 0x00000000ff100000| PB 0x00000000ff100000| Untracked 
|1860|0x00000000ff200000, 0x00000000ff200000, 0x00000000ff300000|  0%| F|  |TAMS 0x00000000ff200000| PB 0x00000000ff200000| Untracked 
|1861|0x00000000ff300000, 0x00000000ff300000, 0x00000000ff400000|  0%| F|  |TAMS 0x00000000ff300000| PB 0x00000000ff300000| Untracked 
|1862|0x00000000ff400000, 0x00000000ff400000, 0x00000000ff500000|  0%| F|  |TAMS 0x00000000ff400000| PB 0x00000000ff400000| Untracked 
|1863|0x00000000ff500000, 0x00000000ff500000, 0x00000000ff600000|  0%| F|  |TAMS 0x00000000ff500000| PB 0x00000000ff500000| Untracked 
|1864|0x00000000ff600000, 0x00000000ff600000, 0x00000000ff700000|  0%| F|  |TAMS 0x00000000ff600000| PB 0x00000000ff600000| Untracked 
|1865|0x00000000ff700000, 0x00000000ff700000, 0x00000000ff800000|  0%| F|  |TAMS 0x00000000ff700000| PB 0x00000000ff700000| Untracked 
|1866|0x00000000ff800000, 0x00000000ff900000, 0x00000000ff900000|100%| O|  |TAMS 0x00000000ff800000| PB 0x00000000ff800000| Untracked 
|1867|0x00000000ff900000, 0x00000000ff900000, 0x00000000ffa00000|  0%| F|  |TAMS 0x00000000ff900000| PB 0x00000000ff900000| Untracked 
|1868|0x00000000ffa00000, 0x00000000ffb00000, 0x00000000ffb00000|100%| O|  |TAMS 0x00000000ffa00000| PB 0x00000000ffa00000| Untracked 
|1869|0x00000000ffb00000, 0x00000000ffc00000, 0x00000000ffc00000|100%| O|  |TAMS 0x00000000ffb00000| PB 0x00000000ffb00000| Untracked 
|1870|0x00000000ffc00000, 0x00000000ffd00000, 0x00000000ffd00000|100%| O|  |TAMS 0x00000000ffc00000| PB 0x00000000ffc00000| Untracked 
|1871|0x00000000ffd00000, 0x00000000ffe00000, 0x00000000ffe00000|100%| O|  |TAMS 0x00000000ffd00000| PB 0x00000000ffd00000| Untracked 
|1872|0x00000000ffe00000, 0x00000000fff00000, 0x00000000fff00000|100%| O|  |TAMS 0x00000000ffe00000| PB 0x00000000ffe00000| Untracked 
|1873|0x00000000fff00000, 0x0000000100000000, 0x0000000100000000|100%| O|  |TAMS 0x00000000fff00000| PB 0x00000000fff00000| Untracked 

Card table byte_map: [0x000001b0f7de0000,0x000001b0f8190000] _byte_map_base: 0x000001b0f7989000

Marking Bits: (CMBitMap*) 0x000001b0f1565a80
 Bits: [0x000001b0f8190000, 0x000001b0f9ed8000)

Polling page: 0x000001b0ef560000

Metaspace:

Usage:
  Non-class:     71.50 MB used.
      Class:     10.87 MB used.
       Both:     82.38 MB used.

Virtual space:
  Non-class space:      128.00 MB reserved,      72.31 MB ( 56%) committed,  2 nodes.
      Class space:        1.00 GB reserved,      11.50 MB (  1%) committed,  1 nodes.
             Both:        1.12 GB reserved,      83.81 MB (  7%) committed. 

Chunk freelists:
   Non-Class:  7.29 MB
       Class:  4.73 MB
        Both:  12.02 MB

MaxMetaspaceSize: unlimited
CompressedClassSpaceSize: 1.00 GB
Initial GC threshold: 21.00 MB
Current GC threshold: 139.62 MB
CDS: on
 - commit_granule_bytes: 65536.
 - commit_granule_words: 8192.
 - virtual_space_node_default_size: 8388608.
 - enlarge_chunks_in_place: 1.
 - use_allocation_guard: 0.


Internal statistics:

num_allocs_failed_limit: 6.
num_arena_births: 1624.
num_arena_deaths: 574.
num_vsnodes_births: 3.
num_vsnodes_deaths: 0.
num_space_committed: 1342.
num_space_uncommitted: 1.
num_chunks_returned_to_freelist: 644.
num_chunks_taken_from_freelist: 4886.
num_chunk_merges: 202.
num_chunk_splits: 3400.
num_chunks_enlarged: 2592.
num_inconsistent_stats: 0.

CodeHeap 'non-profiled nmethods': size=120000Kb used=14519Kb max_used=17382Kb free=105480Kb
 bounds [0x000001b087ad0000, 0x000001b088bd0000, 0x000001b08f000000]
CodeHeap 'profiled nmethods': size=120000Kb used=13138Kb max_used=16046Kb free=106861Kb
 bounds [0x000001b080000000, 0x000001b080fc0000, 0x000001b087530000]
CodeHeap 'non-nmethods': size=5760Kb used=1589Kb max_used=1647Kb free=4170Kb
 bounds [0x000001b087530000, 0x000001b0877a0000, 0x000001b087ad0000]
CodeCache: size=245760Kb, used=29246Kb, max_used=35075Kb, free=216511Kb
 total_blobs=9352, nmethods=8619, adapters=636, full_count=0
Compilation: enabled, stopped_count=0, restarted_count=0

Compilation events (20 events):
Event: 2513.107 Thread 0x000001b0fcb63890 nmethod 22210 0x000001b080137a10 code [0x000001b080137bc0, 0x000001b080137ea0]
Event: 2513.120 Thread 0x000001b0fcb63890 22211   !   3       java.io.FileInputStream::read (24 bytes)
Event: 2513.121 Thread 0x000001b0fcb63890 nmethod 22211 0x000001b08030e610 code [0x000001b08030e7e0, 0x000001b08030e9f0]
Event: 2513.240 Thread 0x000001b0fcb63890 22212       3       java.util.concurrent.atomic.AtomicReferenceArray::compareAndSet (14 bytes)
Event: 2513.242 Thread 0x000001b0fcb63890 nmethod 22212 0x000001b08044d210 code [0x000001b08044d520, 0x000001b08044e660]
Event: 2513.243 Thread 0x000001b0fcb63890 22213   !   3       org.eclipse.jgit.internal.storage.file.Pack::read (101 bytes)
Event: 2513.244 Thread 0x000001b0fcb63890 nmethod 22213 0x000001b0801b1590 code [0x000001b0801b17a0, 0x000001b0801b1d58]
Event: 2513.244 Thread 0x000001b0fcb63890 22214       3       org.eclipse.jgit.internal.storage.file.WindowCache$SoftCleanupQueue::gc (108 bytes)
Event: 2513.247 Thread 0x000001b0fcb63890 nmethod 22214 0x000001b0805b0390 code [0x000001b0805b0680, 0x000001b0805b16d8]
Event: 2513.247 Thread 0x000001b0fcb63890 22219       3       org.eclipse.jgit.treewalk.AbstractTreeIterator::findFile (43 bytes)
Event: 2513.247 Thread 0x000001b0fcb63890 nmethod 22219 0x000001b080226290 code [0x000001b080226480, 0x000001b080226908]
Event: 2513.247 Thread 0x000001b0fcb63890 22218       3       org.eclipse.jgit.treewalk.filter.PathFilter::isDone (16 bytes)
Event: 2513.247 Thread 0x000001b0fcb63890 nmethod 22218 0x000001b080399390 code [0x000001b080399540, 0x000001b080399728]
Event: 2513.248 Thread 0x000001b0fcb63890 22216       3       org.eclipse.jgit.treewalk.TreeWalk::forPath (75 bytes)
Event: 2513.249 Thread 0x000001b0fcb63890 nmethod 22216 0x000001b0802a0410 code [0x000001b0802a0660, 0x000001b0802a0ea8]
Event: 2513.249 Thread 0x000001b0fcb63890 22215       3       org.eclipse.jgit.internal.storage.file.WindowCache::evict (170 bytes)
Event: 2513.253 Thread 0x000001b0fcb63890 nmethod 22215 0x000001b080da4e10 code [0x000001b080da5260, 0x000001b080da7370]
Event: 2513.253 Thread 0x000001b0fcb63890 22217       3       org.eclipse.jgit.internal.storage.file.WindowCache$StatsRecorderImpl::recordOpenBytes (62 bytes)
Event: 2513.254 Thread 0x000001b0fcb63890 nmethod 22217 0x000001b0803d1410 code [0x000001b0803d1680, 0x000001b0803d1fd8]
Event: 2513.264 Thread 0x000001b0fcb5c180 22220   !   4       org.sonar.scm.git.JGitBlameCommand::blame (210 bytes)

GC Heap History (20 events):
Event: 2466.104 GC heap after
{Heap after GC invocations=661 (full 0):
 garbage-first heap   total 491520K, used 227486K [0x000000008ae00000, 0x0000000100000000)
  region size 1024K, 5 young (5120K), 5 survivors (5120K)
 Metaspace       used 83957K, committed 85120K, reserved 1179648K
  class space    used 11160K, committed 11712K, reserved 1048576K
}
Event: 2478.089 GC heap before
{Heap before GC invocations=661 (full 0):
 garbage-first heap   total 491520K, used 465054K [0x000000008ae00000, 0x0000000100000000)
  region size 1024K, 238 young (243712K), 5 survivors (5120K)
 Metaspace       used 83957K, committed 85120K, reserved 1179648K
  class space    used 11160K, committed 11712K, reserved 1048576K
}
Event: 2478.118 GC heap after
{Heap after GC invocations=662 (full 0):
 garbage-first heap   total 491520K, used 226743K [0x000000008ae00000, 0x0000000100000000)
  region size 1024K, 5 young (5120K), 5 survivors (5120K)
 Metaspace       used 83957K, committed 85120K, reserved 1179648K
  class space    used 11160K, committed 11712K, reserved 1048576K
}
Event: 2487.930 GC heap before
{Heap before GC invocations=662 (full 0):
 garbage-first heap   total 491520K, used 466359K [0x000000008ae00000, 0x0000000100000000)
  region size 1024K, 239 young (244736K), 5 survivors (5120K)
 Metaspace       used 83958K, committed 85120K, reserved 1179648K
  class space    used 11160K, committed 11712K, reserved 1048576K
}
Event: 2487.981 GC heap after
{Heap after GC invocations=663 (full 0):
 garbage-first heap   total 491520K, used 226759K [0x000000008ae00000, 0x0000000100000000)
  region size 1024K, 5 young (5120K), 5 survivors (5120K)
 Metaspace       used 83958K, committed 85120K, reserved 1179648K
  class space    used 11160K, committed 11712K, reserved 1048576K
}
Event: 2502.698 GC heap before
{Heap before GC invocations=664 (full 0):
 garbage-first heap   total 491520K, used 466375K [0x000000008ae00000, 0x0000000100000000)
  region size 1024K, 239 young (244736K), 5 survivors (5120K)
 Metaspace       used 83958K, committed 85120K, reserved 1179648K
  class space    used 11160K, committed 11712K, reserved 1048576K
}
Event: 2502.871 GC heap after
{Heap after GC invocations=665 (full 0):
 garbage-first heap   total 491520K, used 226669K [0x000000008ae00000, 0x0000000100000000)
  region size 1024K, 5 young (5120K), 5 survivors (5120K)
 Metaspace       used 83958K, committed 85120K, reserved 1179648K
  class space    used 11160K, committed 11712K, reserved 1048576K
}
Event: 2507.539 GC heap before
{Heap before GC invocations=665 (full 0):
 garbage-first heap   total 492544K, used 489837K [0x000000008ae00000, 0x0000000100000000)
  region size 1024K, 187 young (191488K), 5 survivors (5120K)
 Metaspace       used 84520K, committed 85632K, reserved 1179648K
  class space    used 11220K, committed 11712K, reserved 1048576K
}
Event: 2507.564 GC heap after
{Heap after GC invocations=666 (full 0):
 garbage-first heap   total 510976K, used 248235K [0x000000008ae00000, 0x0000000100000000)
  region size 1024K, 17 young (17408K), 17 survivors (17408K)
 Metaspace       used 84520K, committed 85632K, reserved 1179648K
  class space    used 11220K, committed 11712K, reserved 1048576K
}
Event: 2507.596 GC heap before
{Heap before GC invocations=666 (full 0):
 garbage-first heap   total 510976K, used 255403K [0x000000008ae00000, 0x0000000100000000)
  region size 1024K, 26 young (26624K), 17 survivors (17408K)
 Metaspace       used 84520K, committed 85632K, reserved 1179648K
  class space    used 11220K, committed 11712K, reserved 1048576K
}
Event: 2507.618 GC heap after
{Heap after GC invocations=667 (full 0):
 garbage-first heap   total 510976K, used 253926K [0x000000008ae00000, 0x0000000100000000)
  region size 1024K, 22 young (22528K), 22 survivors (22528K)
 Metaspace       used 84520K, committed 85632K, reserved 1179648K
  class space    used 11220K, committed 11712K, reserved 1048576K
}
Event: 2508.547 GC heap before
{Heap before GC invocations=667 (full 0):
 garbage-first heap   total 510976K, used 384998K [0x000000008ae00000, 0x0000000100000000)
  region size 1024K, 113 young (115712K), 22 survivors (22528K)
 Metaspace       used 84576K, committed 85760K, reserved 1179648K
  class space    used 11220K, committed 11776K, reserved 1048576K
}
Event: 2508.558 GC heap after
{Heap after GC invocations=668 (full 0):
 garbage-first heap   total 510976K, used 245757K [0x000000008ae00000, 0x0000000100000000)
  region size 1024K, 11 young (11264K), 11 survivors (11264K)
 Metaspace       used 84576K, committed 85760K, reserved 1179648K
  class space    used 11220K, committed 11776K, reserved 1048576K
}
Event: 2510.319 GC heap before
{Heap before GC invocations=669 (full 0):
 garbage-first heap   total 510976K, used 424957K [0x000000008ae00000, 0x0000000100000000)
  region size 1024K, 137 young (140288K), 11 survivors (11264K)
 Metaspace       used 84371K, committed 85760K, reserved 1179648K
  class space    used 11156K, committed 11776K, reserved 1048576K
}
Event: 2510.332 GC heap after
{Heap after GC invocations=670 (full 0):
 garbage-first heap   total 510976K, used 240125K [0x000000008ae00000, 0x0000000100000000)
  region size 1024K, 8 young (8192K), 8 survivors (8192K)
 Metaspace       used 84371K, committed 85760K, reserved 1179648K
  class space    used 11156K, committed 11776K, reserved 1048576K
}
Event: 2511.215 GC heap before
{Heap before GC invocations=670 (full 0):
 garbage-first heap   total 510976K, used 446973K [0x000000008ae00000, 0x0000000100000000)
  region size 1024K, 150 young (153600K), 8 survivors (8192K)
 Metaspace       used 84391K, committed 85760K, reserved 1179648K
  class space    used 11156K, committed 11776K, reserved 1048576K
}
Event: 2511.235 GC heap after
{Heap after GC invocations=671 (full 0):
 garbage-first heap   total 510976K, used 257875K [0x000000008ae00000, 0x0000000100000000)
  region size 1024K, 19 young (19456K), 19 survivors (19456K)
 Metaspace       used 84391K, committed 85760K, reserved 1179648K
  class space    used 11156K, committed 11776K, reserved 1048576K
}
Event: 2511.278 GC heap before
{Heap before GC invocations=671 (full 0):
 garbage-first heap   total 510976K, used 262995K [0x000000008ae00000, 0x0000000100000000)
  region size 1024K, 25 young (25600K), 19 survivors (19456K)
 Metaspace       used 84391K, committed 85760K, reserved 1179648K
  class space    used 11156K, committed 11776K, reserved 1048576K
}
Event: 2511.286 GC heap after
{Heap after GC invocations=672 (full 0):
 garbage-first heap   total 510976K, used 239237K [0x000000008ae00000, 0x0000000100000000)
  region size 1024K, 4 young (4096K), 4 survivors (4096K)
 Metaspace       used 84391K, committed 85760K, reserved 1179648K
  class space    used 11156K, committed 11776K, reserved 1048576K
}
Event: 2513.537 GC heap before
{Heap before GC invocations=673 (full 0):
 garbage-first heap   total 510976K, used 449157K [0x000000008ae00000, 0x0000000100000000)
  region size 1024K, 150 young (153600K), 4 survivors (4096K)
 Metaspace       used 84354K, committed 85824K, reserved 1179648K
  class space    used 11134K, committed 11776K, reserved 1048576K
}

Dll operation events (9 events):
Event: 0.062 Loaded shared library C:\sonar-scanner\jre\bin\java.dll
Event: 0.232 Loaded shared library C:\sonar-scanner\jre\bin\jsvml.dll
Event: 0.273 Loaded shared library C:\sonar-scanner\jre\bin\net.dll
Event: 0.281 Loaded shared library C:\sonar-scanner\jre\bin\nio.dll
Event: 0.330 Loaded shared library C:\sonar-scanner\jre\bin\zip.dll
Event: 0.407 Loaded shared library C:\sonar-scanner\jre\bin\jimage.dll
Event: 1.755 Loaded shared library C:\sonar-scanner\jre\bin\sunmscapi.dll
Event: 9.712 Loaded shared library C:\sonar-scanner\jre\bin\extnet.dll
Event: 13.791 Loaded shared library C:\sonar-scanner\jre\bin\verify.dll

Deoptimization events (20 events):
Event: 2511.085 Thread 0x000001b0fece7e50 Uncommon trap: trap_request=0xffffffbe fr.pc=0x000001b087eb52c8 relative=0x0000000000001ba8
Event: 2511.085 Thread 0x000001b0fece7e50 Uncommon trap: reason=profile_predicate action=maybe_recompile pc=0x000001b087eb52c8 method=java.util.TimSort.mergeHi(IIII)V @ 308 c2
Event: 2511.085 Thread 0x000001b0fece7e50 DEOPT PACKING pc=0x000001b087eb52c8 sp=0x000000401c1fe580
Event: 2511.085 Thread 0x000001b0fece7e50 DEOPT UNPACKING pc=0x000001b087584422 sp=0x000000401c1fe580 mode 2
Event: 2511.246 Thread 0x000001b0d5191fb0 Uncommon trap: trap_request=0xffffffd6 fr.pc=0x000001b0887c8590 relative=0x0000000000001e70
Event: 2511.246 Thread 0x000001b0d5191fb0 Uncommon trap: reason=array_check action=maybe_recompile pc=0x000001b0887c8590 method=java.util.TimSort.mergeHi(IIII)V @ 171 c2
Event: 2511.246 Thread 0x000001b0d5191fb0 DEOPT PACKING pc=0x000001b0887c8590 sp=0x000000401bdfe980
Event: 2511.246 Thread 0x000001b0d5191fb0 DEOPT UNPACKING pc=0x000001b087584422 sp=0x000000401bdfe978 mode 2
Event: 2511.261 Thread 0x000001b0d5192640 Uncommon trap: trap_request=0xffffffd6 fr.pc=0x000001b0887c82f0 relative=0x0000000000001bd0
Event: 2511.261 Thread 0x000001b0d5192640 Uncommon trap: reason=array_check action=maybe_recompile pc=0x000001b0887c82f0 method=java.util.TimSort.mergeHi(IIII)V @ 524 c2
Event: 2511.262 Thread 0x000001b0d5192640 DEOPT PACKING pc=0x000001b0887c82f0 sp=0x000000401befe5d0
Event: 2511.262 Thread 0x000001b0d5192640 DEOPT UNPACKING pc=0x000001b087584422 sp=0x000000401befe5c8 mode 2
Event: 2511.263 Thread 0x000001b0d5192640 Uncommon trap: trap_request=0xffffffd6 fr.pc=0x000001b0887c82f0 relative=0x0000000000001bd0
Event: 2511.263 Thread 0x000001b0d5192640 Uncommon trap: reason=array_check action=maybe_recompile pc=0x000001b0887c82f0 method=java.util.TimSort.mergeHi(IIII)V @ 524 c2
Event: 2511.264 Thread 0x000001b0d5192640 DEOPT PACKING pc=0x000001b0887c82f0 sp=0x000000401befe4f0
Event: 2511.264 Thread 0x000001b0d5192640 DEOPT UNPACKING pc=0x000001b087584422 sp=0x000000401befe4e8 mode 2
Event: 2512.699 Thread 0x000001b0fece5060 DEOPT PACKING pc=0x000001b0800779b4 sp=0x000000401c4ff040
Event: 2512.699 Thread 0x000001b0fece5060 DEOPT UNPACKING pc=0x000001b087584bc2 sp=0x000000401c4fe598 mode 0
Event: 2513.264 Thread 0x000001b0fece6410 DEOPT PACKING pc=0x000001b0800779b4 sp=0x000000401c6febc0
Event: 2513.264 Thread 0x000001b0fece6410 DEOPT UNPACKING pc=0x000001b087584bc2 sp=0x000000401c6fe118 mode 0

Classes loaded (20 events):
Event: 2505.560 Loading class java/util/spi/ResourceBundleControlProvider
Event: 2505.566 Loading class java/util/spi/ResourceBundleControlProvider done
Event: 2505.570 Loading class java/util/ServiceLoader$ProviderSpliterator
Event: 2505.574 Loading class java/util/ServiceLoader$ProviderSpliterator done
Event: 2505.614 Loading class java/util/ResourceBundle$CacheKey
Event: 2505.621 Loading class java/util/ResourceBundle$CacheKey done
Event: 2505.622 Loading class java/util/ResourceBundle$KeyElementReference
Event: 2505.623 Loading class java/util/ResourceBundle$CacheKeyReference
Event: 2505.624 Loading class java/util/ResourceBundle$CacheKeyReference done
Event: 2505.624 Loading class java/util/ResourceBundle$KeyElementReference done
Event: 2505.634 Loading class java/util/ResourceBundle$Control$2
Event: 2505.636 Loading class java/util/ResourceBundle$Control$2 done
Event: 2505.651 Loading class java/util/PropertyResourceBundle
Event: 2505.653 Loading class java/util/PropertyResourceBundle done
Event: 2505.653 Loading class sun/util/PropertyResourceBundleCharset
Event: 2505.656 Loading class sun/util/PropertyResourceBundleCharset done
Event: 2505.659 Loading class sun/util/PropertyResourceBundleCharset$PropertiesFileDecoder
Event: 2505.661 Loading class sun/util/PropertyResourceBundleCharset$PropertiesFileDecoder done
Event: 2505.703 Loading class java/util/ResourceBundle$BundleReference
Event: 2505.704 Loading class java/util/ResourceBundle$BundleReference done

Classes unloaded (20 events):
Event: 2511.566 Thread 0x000001b0fcb21c20 Unloading class 0x000001b0906aac00 'java/lang/invoke/LambdaForm$MH+0x000001b0906aac00'
Event: 2511.566 Thread 0x000001b0fcb21c20 Unloading class 0x000001b0906aa400 'java/lang/invoke/LambdaForm$MH+0x000001b0906aa400'
Event: 2511.566 Thread 0x000001b0fcb21c20 Unloading class 0x000001b0906aa000 'java/lang/invoke/LambdaForm$MH+0x000001b0906aa000'
Event: 2511.566 Thread 0x000001b0fcb21c20 Unloading class 0x000001b0906a9400 'java/lang/invoke/LambdaForm$MH+0x000001b0906a9400'
Event: 2511.566 Thread 0x000001b0fcb21c20 Unloading class 0x000001b0906a9000 'java/lang/invoke/LambdaForm$MH+0x000001b0906a9000'
Event: 2511.567 Thread 0x000001b0fcb21c20 Unloading class 0x000001b09069d000 'java/lang/invoke/LambdaForm$MH+0x000001b09069d000'
Event: 2511.567 Thread 0x000001b0fcb21c20 Unloading class 0x000001b09069cc00 'java/lang/invoke/LambdaForm$MH+0x000001b09069cc00'
Event: 2511.567 Thread 0x000001b0fcb21c20 Unloading class 0x000001b090580800 'java/lang/invoke/LambdaForm$MH+0x000001b090580800'
Event: 2511.567 Thread 0x000001b0fcb21c20 Unloading class 0x000001b090580400 'java/lang/invoke/LambdaForm$MH+0x000001b090580400'
Event: 2511.567 Thread 0x000001b0fcb21c20 Unloading class 0x000001b090574c00 'java/lang/invoke/LambdaForm$MH+0x000001b090574c00'
Event: 2511.567 Thread 0x000001b0fcb21c20 Unloading class 0x000001b090574800 'java/lang/invoke/LambdaForm$MH+0x000001b090574800'
Event: 2511.567 Thread 0x000001b0fcb21c20 Unloading class 0x000001b090526800 'java/lang/invoke/LambdaForm$MH+0x000001b090526800'
Event: 2511.567 Thread 0x000001b0fcb21c20 Unloading class 0x000001b090526400 'java/lang/invoke/LambdaForm$MH+0x000001b090526400'
Event: 2511.567 Thread 0x000001b0fcb21c20 Unloading class 0x000001b090521400 'java/lang/invoke/LambdaForm$MH+0x000001b090521400'
Event: 2511.567 Thread 0x000001b0fcb21c20 Unloading class 0x000001b090521000 'java/lang/invoke/LambdaForm$MH+0x000001b090521000'
Event: 2511.568 Thread 0x000001b0fcb21c20 Unloading class 0x000001b09051e800 'java/lang/invoke/LambdaForm$MH+0x000001b09051e800'
Event: 2511.568 Thread 0x000001b0fcb21c20 Unloading class 0x000001b09051e400 'java/lang/invoke/LambdaForm$MH+0x000001b09051e400'
Event: 2511.568 Thread 0x000001b0fcb21c20 Unloading class 0x000001b09051d000 'java/lang/invoke/LambdaForm$MH+0x000001b09051d000'
Event: 2511.568 Thread 0x000001b0fcb21c20 Unloading class 0x000001b090515400 'java/lang/invoke/LambdaForm$MH+0x000001b090515400'
Event: 2511.568 Thread 0x000001b0fcb21c20 Unloading class 0x000001b090514c00 'java/lang/invoke/LambdaForm$MH+0x000001b090514c00'

Classes redefined (0 events):
No events

Internal exceptions (20 events):
Event: 2513.261 Thread 0x000001b0d5192640 Exception <a 'sun/nio/fs/WindowsException'{0x00000000a2142798}> (0x00000000a2142798) 
thrown [s\src\hotspot\share\prims\jni.cpp, line 520]
Event: 2513.262 Thread 0x000001b0d5192640 Exception <a 'sun/nio/fs/WindowsException'{0x00000000a2143b58}> (0x00000000a2143b58) 
thrown [s\src\hotspot\share\prims\jni.cpp, line 520]
Event: 2513.275 Thread 0x000001b0d5191fb0 Exception <a 'sun/nio/fs/WindowsException'{0x00000000a20a7c68}> (0x00000000a20a7c68) 
thrown [s\src\hotspot\share\prims\jni.cpp, line 520]
Event: 2513.276 Thread 0x000001b0d5191fb0 Exception <a 'sun/nio/fs/WindowsException'{0x00000000a20a9028}> (0x00000000a20a9028) 
thrown [s\src\hotspot\share\prims\jni.cpp, line 520]
Event: 2513.293 Thread 0x000001b0fece6410 Exception <a 'sun/nio/fs/WindowsException'{0x00000000a1efcc38}> (0x00000000a1efcc38) 
thrown [s\src\hotspot\share\prims\jni.cpp, line 520]
Event: 2513.294 Thread 0x000001b0fece6410 Exception <a 'sun/nio/fs/WindowsException'{0x00000000a1efdff8}> (0x00000000a1efdff8) 
thrown [s\src\hotspot\share\prims\jni.cpp, line 520]
Event: 2513.299 Thread 0x000001b0fece56f0 Exception <a 'sun/nio/fs/WindowsException'{0x00000000a1dd7ce0}> (0x00000000a1dd7ce0) 
thrown [s\src\hotspot\share\prims\jni.cpp, line 520]
Event: 2513.302 Thread 0x000001b0fece56f0 Exception <a 'sun/nio/fs/WindowsException'{0x00000000a1dd90a0}> (0x00000000a1dd90a0) 
thrown [s\src\hotspot\share\prims\jni.cpp, line 520]
Event: 2513.313 Thread 0x000001b0fece7130 Exception <a 'sun/nio/fs/WindowsException'{0x00000000a1c81298}> (0x00000000a1c81298) 
thrown [s\src\hotspot\share\prims\jni.cpp, line 520]
Event: 2513.314 Thread 0x000001b0fece7130 Exception <a 'sun/nio/fs/WindowsException'{0x00000000a1c82658}> (0x00000000a1c82658) 
thrown [s\src\hotspot\share\prims\jni.cpp, line 520]
Event: 2513.350 Thread 0x000001b0fece6aa0 Exception <a 'sun/nio/fs/WindowsException'{0x00000000a169f300}> (0x00000000a169f300) 
thrown [s\src\hotspot\share\prims\jni.cpp, line 520]
Event: 2513.352 Thread 0x000001b0fece6aa0 Exception <a 'sun/nio/fs/WindowsException'{0x00000000a16a06c0}> (0x00000000a16a06c0) 
thrown [s\src\hotspot\share\prims\jni.cpp, line 520]
Event: 2513.391 Thread 0x000001b0fece5060 Exception <a 'sun/nio/fs/WindowsException'{0x00000000a13db4c0}> (0x00000000a13db4c0) 
thrown [s\src\hotspot\share\prims\jni.cpp, line 520]
Event: 2513.395 Thread 0x000001b0fece5060 Exception <a 'sun/nio/fs/WindowsException'{0x00000000a13dc880}> (0x00000000a13dc880) 
thrown [s\src\hotspot\share\prims\jni.cpp, line 520]
Event: 2513.398 Thread 0x000001b0d5192640 Exception <a 'sun/nio/fs/WindowsException'{0x00000000a0c69980}> (0x00000000a0c69980) 
thrown [s\src\hotspot\share\prims\jni.cpp, line 520]
Event: 2513.399 Thread 0x000001b0d5192640 Exception <a 'sun/nio/fs/WindowsException'{0x00000000a0c6ad40}> (0x00000000a0c6ad40) 
thrown [s\src\hotspot\share\prims\jni.cpp, line 520]
Event: 2513.412 Thread 0x000001b0d5191fb0 Exception <a 'sun/nio/fs/WindowsException'{0x00000000a0ba7200}> (0x00000000a0ba7200) 
thrown [s\src\hotspot\share\prims\jni.cpp, line 520]
Event: 2513.414 Thread 0x000001b0d5191fb0 Exception <a 'sun/nio/fs/WindowsException'{0x00000000a0ba85c0}> (0x00000000a0ba85c0) 
thrown [s\src\hotspot\share\prims\jni.cpp, line 520]
Event: 2513.520 Thread 0x000001b0fece84e0 Exception <a 'sun/nio/fs/WindowsException'{0x00000000a0de24f8}> (0x00000000a0de24f8) 
thrown [s\src\hotspot\share\prims\jni.cpp, line 520]
Event: 2513.522 Thread 0x000001b0fece84e0 Exception <a 'sun/nio/fs/WindowsException'{0x00000000a0de38b8}> (0x00000000a0de38b8) 
thrown [s\src\hotspot\share\prims\jni.cpp, line 520]

ZGC Phase Switch (0 events):
No events

VM Operations (20 events):
Event: 2507.564 Executing VM operation: G1CollectForAllocation (G1 Evacuation Pause) done
Event: 2507.596 Executing VM operation: G1TryInitiateConcMark (G1 Humongous Allocation)
Event: 2507.618 Executing VM operation: G1TryInitiateConcMark (G1 Humongous Allocation) done
Event: 2508.544 Executing VM operation: G1CollectForAllocation (G1 Evacuation Pause)
Event: 2508.558 Executing VM operation: G1CollectForAllocation (G1 Evacuation Pause) done
Event: 2508.729 Executing VM operation: G1PauseRemark
Event: 2509.312 Executing VM operation: G1PauseRemark done
Event: 2509.835 Executing VM operation: G1PauseCleanup
Event: 2509.837 Executing VM operation: G1PauseCleanup done
Event: 2510.319 Executing VM operation: G1CollectForAllocation (G1 Evacuation Pause)
Event: 2510.332 Executing VM operation: G1CollectForAllocation (G1 Evacuation Pause) done
Event: 2511.215 Executing VM operation: G1CollectForAllocation (G1 Evacuation Pause)
Event: 2511.235 Executing VM operation: G1CollectForAllocation (G1 Evacuation Pause) done
Event: 2511.278 Executing VM operation: G1TryInitiateConcMark (G1 Humongous Allocation)
Event: 2511.286 Executing VM operation: G1TryInitiateConcMark (G1 Humongous Allocation) done
Event: 2511.561 Executing VM operation: G1PauseRemark
Event: 2511.992 Executing VM operation: G1PauseRemark done
Event: 2512.687 Executing VM operation: G1PauseCleanup
Event: 2512.689 Executing VM operation: G1PauseCleanup done
Event: 2513.537 Executing VM operation: G1CollectForAllocation (G1 Evacuation Pause)

Memory protections (0 events):
No events

Nmethod flushes (20 events):
Event: 2511.965 Thread 0x000001b0fcb21c20 flushing  nmethod 0x000001b080c71390
Event: 2511.965 Thread 0x000001b0fcb21c20 flushing  nmethod 0x000001b080c95990
Event: 2511.965 Thread 0x000001b0fcb21c20 flushing  nmethod 0x000001b080c98010
Event: 2511.965 Thread 0x000001b0fcb21c20 flushing  nmethod 0x000001b080cc5510
Event: 2511.965 Thread 0x000001b0fcb21c20 flushing  nmethod 0x000001b080cc6510
Event: 2511.965 Thread 0x000001b0fcb21c20 flushing  nmethod 0x000001b080cc6b90
Event: 2511.965 Thread 0x000001b0fcb21c20 flushing  nmethod 0x000001b080cca710
Event: 2511.965 Thread 0x000001b0fcb21c20 flushing  nmethod 0x000001b080ccaf90
Event: 2511.965 Thread 0x000001b0fcb21c20 flushing  nmethod 0x000001b080ccc990
Event: 2511.965 Thread 0x000001b0fcb21c20 flushing  nmethod 0x000001b080d57810
Event: 2511.965 Thread 0x000001b0fcb21c20 flushing  nmethod 0x000001b080d58690
Event: 2511.965 Thread 0x000001b0fcb21c20 flushing  nmethod 0x000001b080d88790
Event: 2511.965 Thread 0x000001b0fcb21c20 flushing  nmethod 0x000001b080d8fe10
Event: 2511.965 Thread 0x000001b0fcb21c20 flushing  nmethod 0x000001b080d93410
Event: 2511.965 Thread 0x000001b0fcb21c20 flushing  nmethod 0x000001b080d9bc90
Event: 2511.965 Thread 0x000001b0fcb21c20 flushing  nmethod 0x000001b080de0790
Event: 2511.965 Thread 0x000001b0fcb21c20 flushing  nmethod 0x000001b080de0e90
Event: 2511.965 Thread 0x000001b0fcb21c20 flushing  nmethod 0x000001b080de1310
Event: 2511.965 Thread 0x000001b0fcb21c20 flushing  nmethod 0x000001b080e69690
Event: 2511.966 Thread 0x000001b0fcb21c20 flushing  nmethod 0x000001b080e6cb10

Events (20 events):
Event: 2358.202 Thread 0x000001b0ef205960 Thread added: 0x000001b0fece6aa0
Event: 2358.203 Thread 0x000001b0ef205960 Thread added: 0x000001b0fece7e50
Event: 2358.203 Thread 0x000001b0ef205960 Thread added: 0x000001b0fece77c0
Event: 2358.204 Thread 0x000001b0ef205960 Thread added: 0x000001b0fece84e0
Event: 2358.204 Thread 0x000001b0ef205960 Thread added: 0x000001b0fece5060
Event: 2358.204 Thread 0x000001b0ef205960 Thread added: 0x000001b0fece56f0
Event: 2358.205 Thread 0x000001b0ef205960 Thread added: 0x000001b0fece6410
Event: 2358.205 Thread 0x000001b0ef205960 Thread added: 0x000001b0fece5d80
Event: 2358.206 Thread 0x000001b0ef205960 Thread added: 0x000001b0d47219b0
Event: 2358.229 Thread 0x000001b0fcb63890 Thread added: 0x000001b0d4f6d5e0
Event: 2358.448 Thread 0x000001b0d4f6d5e0 Thread exited: 0x000001b0d4f6d5e0
Event: 2359.561 Thread 0x000001b0fd41dc50 Thread added: 0x000001b0d5c60c50
Event: 2359.590 Thread 0x000001b0d5c60c50 Thread exited: 0x000001b0d5c60c50
Event: 2361.524 Thread 0x000001b0d45c53c0 Thread exited: 0x000001b0d45c53c0
Event: 2361.530 Thread 0x000001b0d45c4010 Thread exited: 0x000001b0d45c4010
Event: 2361.566 Thread 0x000001b0d558eca0 Thread exited: 0x000001b0d558eca0
Event: 2361.566 Thread 0x000001b0d558f330 Thread exited: 0x000001b0d558f330
Event: 2389.573 Thread 0x000001b0fd41dc50 Thread exited: 0x000001b0fd41dc50
Event: 2504.639 Thread 0x000001b0fcb63890 Thread added: 0x000001b0d50213b0
Event: 2509.516 Thread 0x000001b0d50213b0 Thread exited: 0x000001b0d50213b0


Dynamic libraries:
0x00007ff7d50d0000 - 0x00007ff7d50de000 	C:\sonar-scanner\jre\bin\java.exe
0x00007ffa5da60000 - 0x00007ffa5dcc7000 	C:\WINDOWS\SYSTEM32\ntdll.dll
0x00007ffa18fd0000 - 0x00007ffa18ff1000 	C:\Program Files\Avast Software\Avast\aswhook.dll
0x00007ffa5d0c0000 - 0x00007ffa5d189000 	C:\WINDOWS\System32\KERNEL32.DLL
0x00007ffa5a4c0000 - 0x00007ffa5a8b7000 	C:\WINDOWS\System32\KERNELBASE.dll
0x00007ffa5ad90000 - 0x00007ffa5aedb000 	C:\WINDOWS\System32\ucrtbase.dll
0x00007ff9ea030000 - 0x00007ff9ea04e000 	C:\sonar-scanner\jre\bin\VCRUNTIME140.dll
0x00007ff9ec8f0000 - 0x00007ff9ec908000 	C:\sonar-scanner\jre\bin\jli.dll
0x00007ffa5d7e0000 - 0x00007ffa5d9a6000 	C:\WINDOWS\System32\USER32.dll
0x00007ffa5a490000 - 0x00007ffa5a4b7000 	C:\WINDOWS\System32\win32u.dll
0x00007ffa41be0000 - 0x00007ffa41e72000 	C:\WINDOWS\WinSxS\amd64_microsoft.windows.common-controls_6595b64144ccf1df_6.0.26100.8457_none_3e0b2faee331e92d\COMCTL32.dll
0x00007ffa5c4a0000 - 0x00007ffa5c4cb000 	C:\WINDOWS\System32\GDI32.dll
0x00007ffa5c4d0000 - 0x00007ffa5c579000 	C:\WINDOWS\System32\msvcrt.dll
0x00007ffa5a8c0000 - 0x00007ffa5a9ec000 	C:\WINDOWS\System32\gdi32full.dll
0x00007ffa5aab0000 - 0x00007ffa5ab53000 	C:\WINDOWS\System32\msvcp_win.dll
0x00007ffa5d710000 - 0x00007ffa5d742000 	C:\WINDOWS\System32\IMM32.DLL
0x00007ffa50590000 - 0x00007ffa5059c000 	C:\sonar-scanner\jre\bin\vcruntime140_1.dll
0x00007ff9c8a70000 - 0x00007ff9c8afd000 	C:\sonar-scanner\jre\bin\msvcp140.dll
0x00007ff92b9a0000 - 0x00007ff92c740000 	C:\sonar-scanner\jre\bin\server\jvm.dll
0x00007ffa5c580000 - 0x00007ffa5c636000 	C:\WINDOWS\System32\ADVAPI32.dll
0x00007ffa5b8f0000 - 0x00007ffa5b997000 	C:\WINDOWS\System32\sechost.dll
0x00007ffa5c640000 - 0x00007ffa5c758000 	C:\WINDOWS\System32\RPCRT4.dll
0x00007ffa5b860000 - 0x00007ffa5b8e0000 	C:\WINDOWS\System32\WS2_32.dll
0x00007ffa5a2f0000 - 0x00007ffa5a34e000 	C:\WINDOWS\SYSTEM32\POWRPROF.dll
0x00007ffa53540000 - 0x00007ffa5354b000 	C:\WINDOWS\SYSTEM32\VERSION.dll
0x00007ffa53500000 - 0x00007ffa53536000 	C:\WINDOWS\SYSTEM32\WINMM.dll
0x00007ffa5a2c0000 - 0x00007ffa5a2d4000 	C:\WINDOWS\SYSTEM32\UMPDC.dll
0x00007ffa591e0000 - 0x00007ffa591fb000 	C:\WINDOWS\SYSTEM32\kernel.appcore.dll
0x00007ffa42500000 - 0x00007ffa4250a000 	C:\sonar-scanner\jre\bin\jimage.dll
0x00007ffa4d560000 - 0x00007ffa4d7a2000 	C:\WINDOWS\SYSTEM32\DBGHELP.DLL
0x00007ffa5c010000 - 0x00007ffa5c393000 	C:\WINDOWS\System32\combase.dll
0x00007ffa5d190000 - 0x00007ffa5d269000 	C:\WINDOWS\System32\OLEAUT32.dll
0x00007ffa4c130000 - 0x00007ffa4c16b000 	C:\WINDOWS\SYSTEM32\dbgcore.DLL
0x00007ffa5ab60000 - 0x00007ffa5ac08000 	C:\WINDOWS\System32\bcryptPrimitives.dll
0x00007ff9e9fc0000 - 0x00007ff9e9fe0000 	C:\sonar-scanner\jre\bin\java.dll
0x00007ffa5c940000 - 0x00007ffa5d0ae000 	C:\WINDOWS\System32\SHELL32.dll
0x00007ffa5aee0000 - 0x00007ffa5b74c000 	C:\WINDOWS\System32\windows.storage.dll
0x00007ffa5c3a0000 - 0x00007ffa5c496000 	C:\WINDOWS\System32\SHCORE.dll
0x00007ffa5d270000 - 0x00007ffa5d2d6000 	C:\WINDOWS\System32\shlwapi.dll
0x00007ffa5a3b0000 - 0x00007ffa5a3d9000 	C:\WINDOWS\SYSTEM32\profapi.dll
0x00007ff9c6500000 - 0x00007ff9c65d7000 	C:\sonar-scanner\jre\bin\jsvml.dll
0x00007ffa40910000 - 0x00007ffa40920000 	C:\sonar-scanner\jre\bin\net.dll
0x00007ffa4fb90000 - 0x00007ffa4fcb9000 	C:\WINDOWS\SYSTEM32\WINHTTP.dll
0x00007ffa59730000 - 0x00007ffa5979c000 	C:\WINDOWS\system32\mswsock.dll
0x00007ff9e9fa0000 - 0x00007ff9e9fb6000 	C:\sonar-scanner\jre\bin\nio.dll
0x00007ff9e9f80000 - 0x00007ff9e9f98000 	C:\sonar-scanner\jre\bin\zip.dll
0x00007ffa34160000 - 0x00007ffa3416e000 	C:\sonar-scanner\jre\bin\sunmscapi.dll
0x00007ffa5ac10000 - 0x00007ffa5ad88000 	C:\WINDOWS\System32\CRYPT32.dll
0x00007ffa59c90000 - 0x00007ffa59cc0000 	C:\WINDOWS\SYSTEM32\ncrypt.dll
0x00007ffa59c40000 - 0x00007ffa59c7f000 	C:\WINDOWS\SYSTEM32\NTASN1.dll
0x00007ffa59b90000 - 0x00007ffa59ba3000 	C:\WINDOWS\SYSTEM32\MSASN1.dll
0x00007ffa59b30000 - 0x00007ffa59b4b000 	C:\WINDOWS\SYSTEM32\CRYPTSP.dll
0x00007ffa59140000 - 0x00007ffa59179000 	C:\WINDOWS\system32\rsaenh.dll
0x00007ffa59990000 - 0x00007ffa5999c000 	C:\WINDOWS\SYSTEM32\CRYPTBASE.dll
0x00007ffa5a380000 - 0x00007ffa5a3aa000 	C:\WINDOWS\SYSTEM32\bcrypt.dll
0x00007ffa597a0000 - 0x00007ffa597cf000 	C:\WINDOWS\SYSTEM32\gpapi.dll
0x00007ffa2ffb0000 - 0x00007ffa3003b000 	C:\WINDOWS\system32\ncryptprov.dll
0x00007ffa597e0000 - 0x00007ffa59813000 	C:\WINDOWS\SYSTEM32\USERENV.dll
0x00007ffa58bd0000 - 0x00007ffa58c02000 	C:\WINDOWS\SYSTEM32\IPHLPAPI.DLL
0x00007ffa5b850000 - 0x00007ffa5b85a000 	C:\WINDOWS\System32\NSI.dll
0x00007ffa41320000 - 0x00007ffa41328000 	C:\WINDOWS\system32\wshunix.dll
0x00007ffa0d960000 - 0x00007ffa0d969000 	C:\sonar-scanner\jre\bin\extnet.dll
0x00007ffa58cc0000 - 0x00007ffa58df2000 	C:\WINDOWS\SYSTEM32\DNSAPI.dll
0x00007ffa50550000 - 0x00007ffa5055b000 	C:\Windows\System32\rasadhlp.dll
0x00007ffa4ed50000 - 0x00007ffa4edd6000 	C:\WINDOWS\System32\fwpuclnt.dll
0x00007ffa0d270000 - 0x00007ffa0d280000 	C:\sonar-scanner\jre\bin\verify.dll

JVMTI agents: none

dbghelp: loaded successfully - version: 4.0.5 - missing functions: none
symbol engine: initialized successfully - sym options: 0x614 - pdb path: .;C:\sonar-scanner\jre\bin;C:\WINDOWS\SYSTEM32;C:\Program Files\Avast Software\Avast;C:\WINDOWS\WinSxS\amd64_microsoft.windows.common-controls_6595b64144ccf1df_6.0.26100.8457_none_3e0b2faee331e92d;C:\sonar-scanner\jre\bin\server

VM Arguments:
jvm_args: -Djava.awt.headless=true -Dscanner.home=C:\sonar-scanner\bin\.. -Dproject.home=C:\Users\evach\OneDrive\Desktop\sistemas\5to_semestre\software\smia-gamlp 
java_command: org.sonarsource.scanner.cli.Main -Dsonar.login=sqa_402344627feef6ed88f871e2a15ad15bf479b8ce
java_class_path (initial): C:\sonar-scanner\bin\..\lib\sonar-scanner-cli-8.0.1.6346.jar
Launcher Type: SUN_STANDARD

[Global flags]
     intx CICompilerCount                          = 4                                         {product} {ergonomic}
     uint ConcGCThreads                            = 3                                         {product} {ergonomic}
     uint G1ConcRefinementThreads                  = 10                                        {product} {ergonomic}
   size_t G1HeapRegionSize                         = 1048576                                   {product} {ergonomic}
    uintx GCDrainStackTargetSize                   = 64                                        {product} {ergonomic}
   size_t InitialHeapSize                          = 123731968                                 {product} {ergonomic}
   size_t MarkStackSize                            = 4194304                                   {product} {ergonomic}
   size_t MaxHeapSize                              = 1965031424                                {product} {ergonomic}
   size_t MaxNewSize                               = 1178599424                                {product} {ergonomic}
   size_t MinHeapDeltaBytes                        = 1048576                                   {product} {ergonomic}
   size_t MinHeapSize                              = 8388608                                   {product} {ergonomic}
    uintx NonNMethodCodeHeapSize                   = 5839372                                {pd product} {ergonomic}
    uintx NonProfiledCodeHeapSize                  = 122909434                              {pd product} {ergonomic}
    uintx ProfiledCodeHeapSize                     = 122909434                              {pd product} {ergonomic}
    uintx ReservedCodeCacheSize                    = 251658240                              {pd product} {ergonomic}
     bool SegmentedCodeCache                       = true                                      {product} {ergonomic}
   size_t SoftMaxHeapSize                          = 1965031424                             {manageable} {ergonomic}
     bool UseCompressedOops                        = true                           {product lp64_product} {ergonomic}
     bool UseG1GC                                  = true                                      {product} {ergonomic}
     bool UseLargePagesIndividualAllocation        = false                                  {pd product} {ergonomic}

Logging:
Log output configuration:
 #0: stdout all=warning uptime,level,tags foldmultilines=false
 #1: stderr all=off uptime,level,tags foldmultilines=false

Release file:
IMPLEMENTOR="Eclipse Adoptium" 
IMPLEMENTOR_VERSION="Temurin-21.0.9+10" 
JAVA_RUNTIME_VERSION="21.0.9+10-LTS" 
JAVA_VERSION="21.0.9" 
JAVA_VERSION_DATE="2025-10-21" 
LIBC="default" 
MODULES="java.base java.compiler java.datatransfer java.xml java.prefs java.desktop java.instrument java.logging java.management java.security.sasl java.naming java.rmi java.management.rmi java.net.http java.scripting java.security.jgss java.transaction.xa java.sql java.sql.rowset java.xml.crypto java.se java.smartcardio jdk.accessibility jdk.internal.jvmstat jdk.attach jdk.charsets jdk.internal.opt jdk.zipfs jdk.compiler jdk.crypto.ec jdk.crypto.cryptoki jdk.crypto.mscapi jdk.dynalink jdk.internal.ed jdk.editpad jdk.hotspot.agent jdk.httpserver jdk.incubator.vector jdk.internal.le jdk.internal.vm.ci jdk.internal.vm.compiler jdk.internal.vm.compiler.management jdk.jartool jdk.javadoc jdk.jcmd jdk.management jdk.management.agent jdk.jconsole jdk.jdeps jdk.jdwp.agent jdk.jdi jdk.jfr jdk.jlink jdk.jpackage jdk.jshell jdk.jsobject jdk.jstatd jdk.localedata jdk.management.jfr jdk.naming.dns jdk.naming.rmi jdk.net jdk.nio.mapmode jdk.random jdk.sctp jdk.security.auth jdk.security.jgss jdk.unsupported jdk.unsupported.desktop jdk.xml.dom" 
OS_ARCH="x86_64" 
OS_NAME="Windows" 
SOURCE=".:git:759062135b07" 
BUILD_SOURCE="git:839fa0b45d809157cffd3dc8515aad262a4a1776"
BUILD_SOURCE_REPO="https://github.com/adoptium/temurin-build.git"
SOURCE_REPO="https://github.com/adoptium/jdk21u.git"
FULL_VERSION="21.0.9+10-LTS"
SEMANTIC_VERSION="21.0.9+10"
BUILD_INFO="OS: Windows Server 2022 Version: 10.0"
JVM_VARIANT="Hotspot"
JVM_VERSION="21.0.9+10-LTS"
IMAGE_TYPE="JRE"

Environment Variables:
JAVA_HOME=C:\sonar-scanner\bin\..\jre
PATH=c:\Users\evach\AppData\Roaming\Code\User\globalStorage\github.copilot-chat\debugCommand;c:\Users\evach\AppData\Roaming\Code\User\globalStorage\github.copilot-chat\copilotCli;C:\WINDOWS\system32;C:\WINDOWS;C:\WINDOWS\System32\Wbem;C:\WINDOWS\System32\WindowsPowerShell\v1.0\;C:\WINDOWS\System32\OpenSSH\;C:\Program Files (x86)\Windows Kits\10\Windows Performance Toolkit\;C:\Program Files\dotnet\;C:\Program Files\nodejs\;C:\Program Files\Git\cmd;C:\Program Files\PuTTY\;C:\Program Files\Docker\Docker\resources\bin;C:\Users\evach\AppData\Local\Programs\Python\Python312\Scripts\;C:\Users\evach\AppData\Local\Programs\Python\Python312\;C:\Users\evach\AppData\Local\Programs\Python\Launcher\;C:\Users\evach\.local\bin;C:\Users\evach\AppData\Local\Microsoft\WindowsApps;C:\Users\evach\AppData\Local\Programs\Microsoft VS Code\bin;C:\Program Files\JetBrains\PyCharm Community Edition 2025.2.6\bin;C:\Users\evach\AppData\Roaming\npm;C:\Users\evach\AppData\Local\Programs\Kiro\bin;C:\Users\evach\Downloads\flutter\flutter\bin;c:\Users\evach\.vscode\extensions\ms-python.debugpy-2026.6.0-win32-x64\bundled\scripts\noConfigScripts
USERNAME=evach
LANG=en_US.UTF-8
OS=Windows_NT
PROCESSOR_IDENTIFIER=AMD64 Family 25 Model 80 Stepping 0, AuthenticAMD
TMP=C:\Users\evach\AppData\Local\Temp
TEMP=C:\Users\evach\AppData\Local\Temp




Periodic native trim disabled

---------------  S Y S T E M  ---------------

OS:
 Windows 11 , 64 bit Build 26100 (10.0.26100.8328)
OS uptime: 0 days 19:04 hours
Hyper-V role detected

CPU: total 12 (initial active 12) (12 cores per cpu, 2 threads per core) family 25 model 80 stepping 0 microcode 0xa50000d, cx8, cmov, fxsr, ht, mmx, 3dnowpref, sse, sse2, sse3, ssse3, sse4a, sse4.1, sse4.2, popcnt, lzcnt, tsc, tscinvbit, avx, avx2, aes, erms, clmul, bmi1, bmi2, adx, sha, fma, vzeroupper, clflush, clflushopt, hv, rdtscp, rdpid, fsrm, f16c, cet_ss
Processor Information for the first 12 processors :
  Max Mhz: 2301, Current Mhz: 2010, Mhz Limit: 2301

Memory: 4k page, system-wide physical 7488M (82M free)
TotalPageFile size 30016M (AvailPageFile size 57M)
current process WorkingSet (physical memory assigned to process): 557M, peak: 609M
current process commit charge ("private bytes"): 788M, peak: 1045M

vm_info: OpenJDK 64-Bit Server VM (21.0.9+10-LTS) for windows-amd64 JRE (21.0.9+10-LTS), built on 2025-10-21T00:00:00Z by "admin" with unknown MS VC++:1942

END.
